Name,playerId,Tm,IP,TBF,ERA,H,2B,3B,R,ER,HR,BB,IBB,HBP,SO,AVG,OBP,SLG,wOBA,RHH_OPS,RHH_HR/9,RHH_SO/BB,RHH_ERA,RHH_WHIP
Fernando Rodney,494,2 Tms,23.1,102,6.1714,22,6,0,17,16,2,14,0,0,24,0.25,0.352941176,0.386363636,0.323702767,0.739304812,0.779220779,1.714285714,6.1714,1.558441558
Adam Ottavino,1247,NYY,45,186,1.4,28,6,1,9,7,2,25,0,1,67,0.177215189,0.291891891,0.265822784,0.255173997,0.557714675,0.4,2.68,1.4,1.177777778
Sean Doolittle,1581,WSN,39.2,180,4.7647,46,7,0,21,21,9,13,2,2,43,0.278787878,0.338888888,0.484848484,0.343215526,0.823737372,2.066326531,3.307692308,4.7647,1.505102041
Hector Rondon,2391,HOU,33.2,144,1.8713,32,6,0,7,7,4,11,0,0,27,0.244274809,0.3006993,0.381679389,0.292186916,0.682378689,1.084337349,2.454545455,1.8713,1.295180723
Kenley Jansen,3096,LAD,29,122,4.0345,25,4,1,14,13,4,7,0,3,41,0.229357798,0.286885245,0.394495412,0.287354444,0.681380657,1.24137931,5.857142857,4.0345,1.103448276
Tony Watson,3132,SFG,40,160,3.375,33,3,2,15,15,7,7,1,4,32,0.222972972,0.276729559,0.412162162,0.288387085,0.688891721,1.575,4.571428571,3.375,1
Will Harris,3192,HOU,26,104,1.7308,17,2,0,8,5,4,11,0,0,28,0.182795698,0.269230769,0.333333333,0.262984541,0.602564102,1.384615385,2.545454545,1.7308,1.076923077
Francisco Liriano,3201,PIT,50.1,214,4.2914,46,11,0,25,24,6,22,1,2,41,0.245989304,0.328638497,0.401069518,0.31214033,0.729708015,1.077844311,1.863636364,4.2914,1.357285429
T.J. McFarland,3237,ARI,25.1,119,5.6842,36,7,1,19,16,3,11,5,1,13,0.342857142,0.41025641,0.514285714,0.379155694,0.924542124,1.075697211,1.181818182,5.6842,1.87250996
Zack Britton,3240,NYY,44.2,178,2.2164,29,4,0,11,11,3,23,1,1,28,0.190789473,0.299435028,0.276315789,0.259785909,0.575750817,0.610859729,1.217391304,2.2164,1.176470588
Liam Hendriks,3548,OAK,45.2,163,0.7883,21,9,0,4,4,1,10,1,0,68,0.14,0.191358024,0.22,0.178061145,0.411358024,0.199115044,6.8,0.7883,0.685840708
Matt Magill,3950,2 Tms,30,133,4.5,28,7,1,20,15,4,9,1,2,44,0.231404958,0.295454545,0.404958677,0.295254301,0.700413222,1.2,4.888888889,4.5,1.233333333
Yusmeiro Petit,4020,OAK,48.1,176,2.2345,30,5,1,12,12,5,5,0,0,44,0.176470588,0.198863636,0.305882352,0.211841065,0.504745988,0.935550936,8.8,2.2345,0.727650728
Pedro Strop,4070,CHC,21.2,91,5.8154,18,5,0,15,14,4,8,0,4,28,0.23076923,0.329670329,0.448717948,0.330408248,0.778388277,1.698113208,3.5,5.8154,1.226415094
Derek Holland,4141,2 Tms,29.1,128,6.75,30,6,1,26,22,8,12,1,1,25,0.27027027,0.341269841,0.558558558,0.365614831,0.899828399,2.474226804,2.083333333,6.75,1.443298969
David Hernandez,4259,CIN,26,116,5.8846,27,4,2,17,17,2,14,2,0,25,0.272727272,0.356521739,0.414141414,0.323980814,0.770663153,0.692307692,1.785714286,5.8846,1.576923077
Mark Melancon,4264,2 Tms,41.2,178,3.888,44,5,0,18,18,4,9,1,2,43,0.26506024,0.308988764,0.367469879,0.289483094,0.676458643,0.873786408,4.777777778,3.888,1.286407767
Matt Albers,4300,MIL,43.2,178,3.0916,35,7,0,15,15,4,16,0,0,50,0.220125786,0.289772727,0.339622641,0.273807274,0.629395368,0.833333333,3.125,3.0916,1.180555556
Justin Wilson,4301,NYM,26.1,109,3.076,23,3,0,9,9,4,8,0,2,27,0.232323232,0.302752293,0.383838383,0.29617102,0.686590676,1.379310345,3.375,3.076,1.187739464
Tyler Chatwood,4338,CHC,34.2,135,2.8558,19,2,0,11,11,4,14,0,2,32,0.161016949,0.261194029,0.279661016,0.243275539,0.540855045,1.052631579,2.285714286,2.8558,0.964912281
Jake Diekman,5003,2 Tms,39,177,5.0769,30,6,1,24,22,3,23,1,8,63,0.209790209,0.346590909,0.328671328,0.302742633,0.675262237,0.692307692,2.739130435,5.0769,1.358974359
Jeurys Familia,5114,NYM,36.1,158,4.9541,33,11,0,21,20,4,23,2,2,40,0.2481203,0.367088607,0.421052631,0.338006396,0.788141238,0.997229917,1.739130435,4.9541,1.551246537
Wade LeBlanc,5221,SEA,66,276,4.0909,67,16,0,31,30,11,18,1,1,44,0.262745098,0.312727272,0.45490196,0.321314005,0.767629232,1.5,2.444444444,4.0909,1.287878788
Blake Parker,5224,2 Tms,33.1,135,5.13,26,4,0,19,19,9,10,0,2,40,0.213114754,0.281481481,0.467213114,0.310879652,0.748694595,2.447129909,4,5.13,1.087613293
Wilmer Font,5257,3 Tms,31,124,4.0645,26,7,0,14,14,5,6,0,2,31,0.226086956,0.274193548,0.417391304,0.290072827,0.691584852,1.451612903,5.166666667,4.0645,1.032258065
Jose Alvarez,5358,PHI,28.1,131,4.4471,40,6,0,15,14,4,11,3,0,29,0.336134453,0.389312977,0.487394957,0.364599247,0.876707934,1.28113879,2.636363636,4.4471,1.814946619
Pedro Baez,5420,LAD,35.1,147,3.566,22,2,0,16,14,4,15,0,3,40,0.171875,0.273972602,0.28125,0.250803113,0.555222602,1.025641026,2.666666667,3.566,1.054131054
Jesse Chavez,5448,TEX,28.1,122,4.1294,31,10,0,14,13,5,12,0,1,22,0.287037037,0.363636363,0.518518518,0.370089163,0.882154881,1.601423488,1.833333333,4.1294,1.53024911
Ryan Brasier,5615,BOS,32,130,3.9375,28,3,0,15,14,3,7,1,1,38,0.231404958,0.276923076,0.330578512,0.259387161,0.607501588,0.84375,5.428571429,3.9375,1.09375
Tyler Clippard,5640,CLE,27,114,3,24,9,0,9,9,5,7,0,3,32,0.233009708,0.300884955,0.466019417,0.321534869,0.766904372,1.666666667,4.571428571,3,1.148148148
Junior Guerra,5702,MIL,46.2,184,4.2429,35,7,0,22,22,8,9,0,2,45,0.205882352,0.252747252,0.388235294,0.269649263,0.640982546,1.558441558,5,4.2429,0.952380952
Kelvin Herrera,6033,CHW,31.2,142,5.9684,36,7,1,22,21,6,13,1,1,37,0.283464566,0.352112676,0.496062992,0.353311995,0.848175668,1.730769231,2.846153846,5.9684,1.570512821
Trevor Cahill,6249,LAA,28,133,4.8214,36,4,1,16,15,4,16,0,2,21,0.315789473,0.406015037,0.47368421,0.376814713,0.879699247,1.285714286,1.3125,4.8214,1.857142857
David Phelps,6316,2 Tms,22.2,96,3.5735,19,2,1,9,9,2,11,1,1,21,0.228915662,0.322916666,0.34939759,0.290927145,0.672314256,0.810810811,1.909090909,3.5735,1.351351351
Trevor May,6398,MIN,31,134,2.9032,20,3,0,12,10,3,19,1,2,42,0.181818181,0.305970149,0.29090909,0.266968689,0.596879239,0.870967742,2.210526316,2.9032,1.258064516
Jose Cisnero,6399,DET,21,90,3,18,3,1,9,7,3,8,0,1,24,0.227848101,0.303370786,0.405063291,0.301178295,0.708434077,1.285714286,3,3,1.238095238
Steve Cishek,6483,CHC,39.1,158,2.517,29,4,0,12,11,3,13,0,3,31,0.205673758,0.284810126,0.29787234,0.259165198,0.582682466,0.690537084,2.384615385,2.517,1.074168798
Blaine Hardy,6499,DET,30.1,123,4.4506,26,3,1,15,15,3,7,0,0,18,0.230088495,0.270491803,0.3539823,0.265182098,0.624474103,0.897009967,2.571428571,4.4506,1.096345515
Brad Brach,6627,2 Tms,39.1,156,3.8898,28,3,0,17,17,2,18,1,0,52,0.210526315,0.296774193,0.278195488,0.254967783,0.574969681,0.460358056,2.888888889,3.8898,1.176470588
Alex Colome,6661,CHW,33,139,3,23,4,2,17,11,4,15,0,1,25,0.191666666,0.282608695,0.358333333,0.275806957,0.640942028,1.090909091,1.666666667,3,1.151515152
Andrew Miller,6785,STL,29.2,125,4.8539,25,2,0,21,16,7,13,0,5,31,0.235849056,0.344,0.452830188,0.339949645,0.796830188,2.157534247,2.384615385,4.8539,1.301369863
Joakim Soria,6941,OAK,35.1,140,2.5472,21,2,0,10,10,4,13,1,1,44,0.169354838,0.251798561,0.282258064,0.2336111,0.534056625,1.025641026,3.384615385,2.5472,0.968660969
Luis Garcia,6984,LAA,35,155,4.1143,35,4,0,20,16,8,14,1,5,32,0.259259259,0.348387096,0.466666666,0.34385598,0.815053762,2.057142857,2.285714286,4.1143,1.4
Ian Kennedy,6986,KCR,30.1,131,4.1539,36,3,0,14,14,2,7,1,0,33,0.297520661,0.3359375,0.371900826,0.304162655,0.707838326,0.598006645,4.714285714,4.1539,1.428571429
Ryan Pressly,7005,HOU,25.2,108,4.2078,25,5,0,13,12,4,7,0,0,32,0.25,0.29906542,0.42,0.304553675,0.71906542,1.428571429,4.571428571,4.2078,1.26984127
Daniel Hudson,7146,2 Tms,40.2,169,2.4344,31,6,0,14,11,5,15,1,3,49,0.209459459,0.289940828,0.351351351,0.27506894,0.641292179,1.119402985,3.266666667,2.4344,1.144278607
Craig Stammen,7274,SDP,43.1,186,3.7385,51,7,1,22,18,9,7,0,1,42,0.289772727,0.317204301,0.494318181,0.336663518,0.811522482,1.879350348,6,3.7385,1.345707657
Javy Guerra,7407,2 Tms,39.2,167,4.084,37,8,1,19,18,5,10,1,1,36,0.238709677,0.289156626,0.4,0.290259655,0.689156626,1.147959184,3.6,4.084,1.198979592
Wade Davis,7441,COL,24.2,117,8.027,30,3,0,23,22,7,16,0,1,25,0.3,0.401709401,0.54,0.396434347,0.941709401,2.603305785,1.5625,8.027,1.900826446
Anthony Swarzak,7466,2 Tms,35.2,152,3.5327,33,2,0,17,14,7,15,1,0,25,0.240875912,0.315789473,0.408759124,0.308243567,0.724548597,1.789772727,1.666666667,3.5327,1.363636364
Jake McGee,7550,COL,22.1,105,6.4478,31,6,1,18,16,8,7,1,3,20,0.326315789,0.39047619,0.663157894,0.428446351,1.053634084,3.257918552,2.857142857,6.4478,1.719457014
Nick Vincent,7555,2 Tms,29,122,4.9655,30,3,0,16,16,6,5,1,2,32,0.265486725,0.303278688,0.451327433,0.311971667,0.754606121,1.862068966,6.4,4.9655,1.206896552
Tommy Milone,7608,SEA,60,240,3.9,53,11,1,27,26,13,12,1,1,44,0.235555555,0.275,0.466666666,0.304551255,0.741666666,1.95,3.666666667,3.9,1.083333333
Juan Nicasio,7731,PHI,30.1,137,5.044,38,8,1,19,17,2,10,2,2,27,0.308943089,0.367647058,0.43902439,0.340161085,0.806671448,0.598006645,2.7,5.044,1.594684385
Wily Peralta,7738,KCR,23.1,95,3.0857,24,3,0,8,8,1,11,0,0,12,0.289156626,0.372340425,0.361445783,0.325265039,0.733786208,0.38961039,1.090909091,3.0857,1.515151515
Shawn Kelley,7773,TEX,27,104,3.3333,21,2,0,10,10,6,4,0,1,30,0.214285714,0.25,0.418367346,0.277459937,0.668367346,2,7.5,3.3333,0.925925926
Richard Bleier,7803,BAL,27.1,128,7.2439,41,14,1,22,22,4,6,2,2,12,0.347457627,0.385826771,0.584745762,0.397211427,0.970572533,1.328413284,2,7.2439,1.734317343
Cory Gearrin,7947,2 Tms,34.2,147,2.3365,33,4,1,9,9,1,13,0,3,32,0.251908396,0.333333333,0.320610687,0.29215021,0.65394402,0.263157895,2.461538462,2.3365,1.34502924
Anthony Bass,7982,SEA,25.2,103,4.2078,17,1,0,12,12,3,11,1,1,22,0.191011235,0.287128712,0.303370786,0.25962328,0.590499498,1.071428571,2,4.2078,1.111111111
Marcus Walden,8004,BOS,46,195,3.7174,38,10,1,22,19,3,19,0,5,40,0.222222222,0.317948717,0.345029239,0.292802643,0.662977956,0.586956522,2.105263158,3.7174,1.239130435
Will Smith,8048,SFG,45.2,185,2.9562,35,4,1,15,15,9,20,2,0,54,0.212121212,0.297297297,0.412121212,0.298024868,0.709418509,1.792035398,2.7,2.9562,1.216814159
Bryan Shaw,8110,COL,37,175,7.2973,45,12,1,31,30,10,16,1,3,34,0.29032258,0.365714285,0.574193548,0.386021678,0.939907833,2.432432432,2.125,7.2973,1.648648649
Oliver Drake,8823,TBR,25.2,115,6.6623,21,6,0,19,19,8,17,1,1,37,0.216494845,0.339130434,0.525773195,0.356732042,0.864903629,2.857142857,2.176470588,6.6623,1.507936508
Kirby Yates,9073,SDP,28.2,111,0,17,3,0,4,0,0,5,0,5,47,0.171717171,0.245454545,0.202020202,0.207927696,0.447474747,0,9.4,0,0.780141844
Brad Hand,9111,CLE,42,178,3.6429,42,12,0,17,17,6,12,4,3,63,0.257668711,0.320224719,0.441717791,0.314872214,0.76194251,1.285714286,5.25,3.6429,1.285714286
Jared Hughes,9325,2 Tms,47.2,194,4.1538,41,10,0,25,22,11,18,0,2,42,0.238372093,0.317708333,0.488372093,0.337278215,0.806080426,2.097457627,2.333333333,4.1538,1.25
Josh Tomlin,9388,ATL,44.1,183,3.8571,49,7,1,19,19,8,4,0,0,23,0.28,0.296089385,0.468571428,0.318548444,0.764660813,1.632653061,5.75,3.8571,1.201814059
Jeremy Jeffress,9490,MIL,29.2,129,5.4607,29,4,0,18,18,3,10,0,5,29,0.258928571,0.346456692,0.375,0.317446061,0.721456692,0.924657534,2.9,5.4607,1.335616438
David Hale,9756,NYY,22.1,91,2.8209,22,5,1,7,7,2,4,0,1,17,0.255813953,0.296703296,0.406976744,0.298311036,0.70368004,0.814479638,4.25,2.8209,1.176470588
Joe Kelly,9761,LAD,29.2,128,3.9438,28,6,0,16,13,3,10,0,2,33,0.24137931,0.3125,0.370689655,0.296738348,0.683189655,0.924657534,3.3,3.9438,1.301369863
Sergio Romo,9817,2 Tms,34,137,2.9118,26,7,1,13,11,5,6,2,2,38,0.204724409,0.248175182,0.393700787,0.261095183,0.641875969,1.323529412,6.333333333,2.9118,0.941176471
Chaz Roe,9866,TBR,39.1,174,4.1186,39,9,0,21,18,2,22,0,0,47,0.258278145,0.350574712,0.357615894,0.312439842,0.708190606,0.460358056,2.136363636,4.1186,1.560102302
Brandon Kintzler,9939,CHC,33.1,138,2.43,32,5,2,9,9,4,6,0,2,31,0.248062015,0.289855072,0.410852713,0.295227882,0.700707785,1.087613293,5.166666667,2.43,1.148036254
Aroldis Chapman,10233,NYY,43,179,2.093,30,4,0,12,10,3,20,0,1,62,0.192307692,0.284916201,0.275641025,0.252577309,0.560557226,0.627906977,3.1,2.093,1.162790698
Robbie Erlin,10354,SDP,32.2,140,6.3367,38,8,0,25,23,4,8,0,0,27,0.294573643,0.328571428,0.449612403,0.325882878,0.778183831,1.118012422,3.375,6.3367,1.428571429
Mychal Givens,10430,BAL,39.2,155,3.1765,25,1,1,17,14,6,13,0,2,57,0.178571428,0.258064516,0.328571428,0.255345033,0.586635944,1.37755102,4.384615385,3.1765,0.969387755
Chad Bettis,10587,COL,28.1,132,5.4,38,6,1,19,17,5,5,0,4,17,0.311475409,0.358778625,0.5,0.362326766,0.858778625,1.601423488,3.4,5.4,1.53024911
Shane Greene,10756,2 Tms,38.2,147,1.3966,21,4,0,11,6,4,9,0,1,35,0.154411764,0.210884353,0.272058823,0.2099426,0.482943176,0.942408377,3.888888889,1.3966,0.785340314
Adam Kolarek,10843,2 Tms,25.1,116,6.0395,29,5,1,19,17,5,13,4,0,19,0.281553398,0.362068965,0.495145631,0.349782127,0.857214596,1.792828685,1.461538462,6.0395,1.673306773
Casey Sadler,11209,2 Tms,22.2,96,1.5882,20,3,1,6,4,1,7,1,1,16,0.232558139,0.294736842,0.325581395,0.266208895,0.620318237,0.405405405,2.285714286,1.5882,1.216216216
Tommy Kahnle,11384,NYY,30.1,122,3.2637,21,4,1,12,11,3,10,0,1,40,0.19090909,0.262295081,0.327272727,0.255256852,0.589567808,0.897009967,4,3.2637,1.029900332
Brandon Workman,11428,BOS,40,156,1.125,15,4,0,7,5,0,24,1,1,56,0.116279069,0.258064516,0.147286821,0.201482638,0.405351337,0,2.333333333,1.125,0.975
Matt Grace,11449,WSN,25,112,7.2,33,9,0,20,20,8,8,0,0,10,0.323529411,0.366071428,0.647058823,0.409842311,1.013130251,2.88,1.25,7.2,1.64
Josh Osich,11528,CHW,36.1,157,5.6973,43,8,0,26,23,10,11,1,0,31,0.296551724,0.343949044,0.558620689,0.37033206,0.902569733,2.493074792,2.818181818,5.6973,1.495844875
Heath Hembree,11632,BOS,23.1,102,3.0857,20,4,0,10,8,3,10,0,3,29,0.224719101,0.323529411,0.370786516,0.304419141,0.694315927,1.168831169,2.9,3.0857,1.298701299
Carlos Martinez,11682,STL,27.2,112,1.9518,21,2,0,6,6,1,9,0,2,29,0.207920792,0.285714285,0.257425742,0.24711498,0.543140027,0.330882353,3.222222222,1.9518,1.102941176
Tayron Guerrero,11691,MIA,28.1,124,5.4,23,4,0,19,17,3,20,0,3,22,0.232323232,0.370967741,0.363636363,0.327117091,0.734604104,0.960854093,1.1,5.4,1.53024911
Nick Kingham,11694,2 Tms,23.1,103,5.4,28,9,0,14,14,3,13,1,0,17,0.318181818,0.405940594,0.522727272,0.389658364,0.928667866,1.168831169,1.307692308,5.4,1.774891775
Sam Dyson,11710,2 Tms,38.2,152,3.7241,33,6,1,17,16,3,8,0,1,32,0.234042553,0.28,0.354609929,0.272600987,0.634609929,0.706806283,4,3.7241,1.073298429
Luke Jackson,11752,ATL,40.2,198,4.6475,59,6,0,22,21,5,17,2,2,62,0.331460674,0.395939086,0.449438202,0.361700841,0.845377288,1.119402985,3.647058824,4.6475,1.890547264
Kyle Ryan,11753,CHC,35.2,157,4.5421,34,2,0,20,18,5,20,2,1,34,0.255639097,0.352564102,0.383458646,0.316590404,0.736022748,1.278409091,1.7,4.5421,1.534090909
Hansel Robles,11801,LAA,37.1,148,2.4107,30,4,0,10,10,4,10,0,0,34,0.222222222,0.273972602,0.34074074,0.264788398,0.614713342,0.970350404,3.4,2.4107,1.078167116
Hector Neris,11804,PHI,36.1,150,2.4771,27,5,0,12,10,5,9,0,5,52,0.201492537,0.275167785,0.350746268,0.270960102,0.625914053,1.246537396,5.777777778,2.4771,0.997229917
Chris Martin,11847,2 Tms,28,115,4.1786,32,5,0,14,13,4,4,0,0,30,0.29090909,0.313043478,0.445454545,0.318292266,0.758498023,1.285714286,7.5,4.1786,1.285714286
Michael Feliz,11903,PIT,28.2,122,4.0814,23,2,0,13,13,6,11,0,2,46,0.212962962,0.297520661,0.398148148,0.298729962,0.695668809,1.914893617,4.181818182,4.0814,1.205673759
Taylor Cole,11964,LAA,25.2,113,5.6104,28,8,1,17,16,1,9,1,1,22,0.277227722,0.336283185,0.405940594,0.313360428,0.742223779,0.357142857,2.444444444,5.6104,1.468253968
Matt Andriese,12022,ARI,41,178,3.7317,46,9,0,17,17,4,12,1,2,48,0.285714285,0.33898305,0.416149068,0.320663826,0.755132118,0.87804878,4,3.7317,1.414634146
Felipe Vazquez,12076,PIT,46.1,183,1.7482,34,6,0,10,9,4,10,0,1,65,0.198830409,0.245901639,0.304093567,0.237982869,0.549995206,0.780911063,6.5,1.7482,0.954446855
Yimi Garcia,12095,LAD,38.2,159,3.0259,26,7,0,15,13,8,10,1,5,45,0.181818181,0.257861635,0.398601398,0.274730052,0.656463033,1.884816754,4.5,3.0259,0.942408377
Evan Marshall,12297,CHW,32,131,3.0938,27,4,0,12,11,5,14,0,0,29,0.23275862,0.312977099,0.396551724,0.304438101,0.709528823,1.40625,2.071428571,3.0938,1.28125
Seth Lugo,12447,NYM,46.1,185,3.1079,36,6,0,20,16,4,8,1,4,63,0.210526315,0.260869565,0.315789473,0.247960895,0.576659038,0.780911063,7.875,3.1079,0.954446855
Blake Treinen,12572,OAK,29.2,134,5.1573,29,3,0,17,17,4,21,0,0,32,0.258928571,0.373134328,0.392857142,0.336087175,0.76599147,1.232876712,1.523809524,5.1573,1.712328767
Nick Ramirez,12575,DET,52,231,4.8462,52,13,2,34,28,9,23,4,1,52,0.25490196,0.330434782,0.470588235,0.329709315,0.801023017,1.557692308,2.260869565,4.8462,1.442307692
Roenis Elias,12673,2 Tms,38.1,149,2.3478,25,6,0,18,10,5,9,1,1,36,0.18115942,0.234899328,0.333333333,0.239282023,0.568232661,1.181102362,4,2.3478,0.892388451
Ryne Harper,12680,MIN,28.1,118,4.1294,27,4,0,14,13,4,5,0,1,20,0.25,0.282051282,0.398148148,0.284769468,0.68019943,1.28113879,4,4.1294,1.138790036
Chris Devenski,12763,HOU,33.2,136,4.8119,29,5,3,18,18,6,7,0,1,32,0.233870967,0.274074074,0.467741935,0.302984965,0.741816009,1.626506024,4.571428571,4.8119,1.084337349
Jairo Diaz,12774,COL,29.1,130,5.2159,34,7,3,19,17,5,6,0,2,38,0.280991735,0.323076923,0.512396694,0.345416255,0.835473617,1.546391753,6.333333333,5.2159,1.374570447
John Brebbia,12777,STL,49.2,200,1.9933,39,7,0,13,11,3,15,1,0,58,0.211956521,0.27,0.298913043,0.247326591,0.568913043,0.548780488,3.866666667,1.9933,1.097560976
Sam Gaviglio,12778,TOR,57.2,227,4.2139,44,5,0,28,27,13,10,0,3,59,0.205607476,0.251101321,0.411214953,0.277390626,0.662316274,2.045454545,5.9,4.2139,0.944055944
Noe Ramirez,12800,LAA,37.2,162,3.3451,36,7,0,14,14,6,13,0,3,55,0.248275862,0.320987654,0.420689655,0.316582157,0.741677309,1.451612903,4.230769231,3.3451,1.317204301
Matt Wisler,12804,2 Tms,26,124,6.5769,36,6,0,19,19,5,8,0,0,38,0.315789473,0.357723577,0.5,0.359839052,0.857723577,1.730769231,4.75,6.5769,1.692307692
Andrew Kittredge,12828,TBR,27,102,2,20,1,0,7,6,3,4,0,1,28,0.206185567,0.245098039,0.30927835,0.239503752,0.554376389,1,7,2,0.888888889
Shawn Armstrong,12857,2 Tms,34.2,170,6.4904,48,11,1,25,25,6,17,1,3,43,0.324324324,0.4,0.533783783,0.389586486,0.933783783,1.578947368,2.529411765,6.4904,1.900584795
Matt Barnes,12863,BOS,39,169,3.2308,35,7,0,15,14,5,16,0,0,60,0.231788079,0.303571428,0.377483443,0.29321434,0.681054871,1.153846154,3.75,3.2308,1.307692308
Alex Claudio,12890,MIL,28.2,130,5.0232,31,8,1,16,16,4,15,2,0,21,0.274336283,0.356589147,0.469026548,0.343678998,0.825615695,1.276595745,1.4,5.0232,1.631205674
Ken Giles,12910,TOR,27.1,109,0.9878,20,7,0,3,3,1,10,1,0,47,0.202020202,0.275229357,0.303030303,0.250964104,0.57825966,0.332103321,4.7,0.9878,1.10701107
Archie Bradley,12918,ARI,41.2,176,1.728,33,6,0,9,8,3,18,1,5,41,0.22,0.32,0.32,0.283449736,0.64,0.655339806,2.277777778,1.728,1.237864078
Gabriel Ynoa,12938,BAL,27.1,117,2.9634,30,3,0,11,9,4,7,1,0,22,0.272727272,0.316239316,0.409090909,0.306473028,0.725330225,1.328413284,3.142857143,2.9634,1.365313653
Andrew Chafin,12988,ARI,21.1,90,5.0625,20,0,0,13,12,3,10,0,0,29,0.256410256,0.34090909,0.371794871,0.312555419,0.712703961,1.279620853,2.9,5.0625,1.421800948
Colten Brewer,12997,BOS,31.2,151,4.5474,38,10,0,17,16,4,23,0,0,25,0.299212598,0.403973509,0.472440944,0.375312148,0.876414453,1.153846154,1.086956522,4.5474,1.955128205
Wei-Yin Chen,13071,MIA,42.1,195,5.9528,56,14,2,28,28,8,13,2,2,41,0.31638418,0.367875647,0.553672316,0.379406923,0.921547963,1.710213777,3.153846154,5.9528,1.638954869
Derek Law,13133,TOR,28,133,5.1429,30,7,0,18,16,5,17,0,3,33,0.27027027,0.378787878,0.468468468,0.361817538,0.847256346,1.607142857,1.941176471,5.1429,1.678571429
Kyle Crick,13182,PIT,27.1,128,6.2561,24,3,0,21,19,7,23,0,2,37,0.235294117,0.3828125,0.470588235,0.364972285,0.853400735,2.324723247,1.608695652,6.2561,1.734317343
Joe Biagini,13194,2 Tms,39.2,167,2.9496,38,8,1,14,13,4,16,1,1,37,0.253333333,0.329341317,0.4,0.312254751,0.729341317,0.918367347,2.3125,2.9496,1.37755102
Adrian Sampson,13339,TEX,30,130,5.7,30,10,1,20,19,5,10,1,3,24,0.260869565,0.33076923,0.495652173,0.340605721,0.826421403,1.5,2.4,5.7,1.333333333
Luis Cessa,13345,NYY,49.1,203,3.8311,40,8,0,25,21,10,19,1,2,44,0.223463687,0.30049261,0.435754189,0.307543403,0.736246799,1.83299389,2.315789474,3.8311,1.201629328
Cam Bedrosian,13360,LAA,26,112,5.5385,26,3,1,23,16,3,6,0,2,25,0.252427184,0.303571428,0.388349514,0.295538869,0.691920942,1.038461538,4.166666667,5.5385,1.230769231
Dylan Floro,13394,LAD,33,133,4.3636,26,4,1,18,16,2,6,1,1,27,0.211382113,0.251908396,0.308943089,0.238215161,0.560851485,0.545454545,4.5,4.3636,0.96969697
Felix Pena,13403,LAA,38.1,148,4.2261,22,3,0,21,18,5,10,0,1,42,0.160583941,0.222972972,0.291970802,0.223948215,0.514943774,1.181102362,4.2,4.2261,0.839895013
Drew VerHagen,13424,DET,25,105,5.04,29,4,0,14,14,4,7,0,2,22,0.302083333,0.361904761,0.46875,0.35387664,0.830654761,1.44,3.142857143,5.04,1.44
Mike Morin,13442,2 Tms,29.2,121,6.3708,28,6,0,23,21,6,4,0,2,15,0.24778761,0.283333333,0.460176991,0.308754399,0.743510324,1.849315068,3.75,6.3708,1.095890411
Taylor Rogers,13449,MIN,53,206,3.0566,40,8,0,18,18,7,7,2,4,65,0.208333333,0.251231527,0.359375,0.255614847,0.610606527,1.188679245,9.285714286,3.0566,0.886792453
Brandon Brennan,13527,SEA,30.2,117,3.5217,18,4,0,12,12,3,12,1,0,30,0.174757281,0.256410256,0.300970873,0.240036074,0.557381129,0.894039735,2.5,3.5217,0.993377483
Richard Rodriguez,13549,PIT,39.1,162,3.2034,33,2,0,15,14,6,12,0,0,36,0.22147651,0.279503105,0.355704697,0.273877396,0.635207802,1.381074169,3,3.2034,1.150895141
Robert Stephenson,13594,CIN,39,147,2.7692,22,8,1,14,12,5,7,1,0,50,0.159420289,0.198630136,0.34057971,0.221094032,0.539209846,1.153846154,7.142857143,2.7692,0.743589744
Clay Holmes,13649,PIT,30.1,139,5.6374,24,4,0,22,19,4,17,0,7,38,0.208695652,0.345323741,0.347826086,0.311568601,0.693149827,1.196013289,2.235294118,5.6374,1.362126246
John Gant,13684,STL,44.2,175,3.4254,34,5,1,19,17,1,17,1,0,42,0.215189873,0.291428571,0.278481012,0.253310235,0.569909583,0.20361991,2.470588235,3.4254,1.153846154
Nick Goody,13685,CLE,26,109,3.1154,18,2,1,10,9,5,12,0,0,36,0.1875,0.275229357,0.385416666,0.281097532,0.660646023,1.730769231,3,3.1154,1.153846154
Robert Gsellman,13696,NYM,41.1,171,4.3548,38,9,1,20,20,5,11,0,4,36,0.248366013,0.311764705,0.418300653,0.309692612,0.730065358,1.094890511,3.272727273,4.3548,1.192214112
Kyle Barraclough,13713,2 Tms,20.2,105,5.6613,26,5,0,16,13,6,13,1,2,28,0.295454545,0.394230769,0.556818181,0.393073908,0.95104895,2.673267327,2.153846154,5.6613,1.930693069
Tyler Duffey,13758,MIN,30.2,128,2.0543,24,3,0,13,7,4,9,0,1,54,0.205128205,0.267716535,0.333333333,0.260813599,0.601049868,1.19205298,6,2.0543,1.092715232
Chris Stratton,13761,2 Tms,30.1,135,5.6374,39,10,1,22,19,6,8,0,0,27,0.309523809,0.348148148,0.547619047,0.370271036,0.895767195,1.794019934,3.375,5.6374,1.561461794
Dominic Leone,13763,STL,22.2,95,7.5441,22,5,0,19,19,6,8,1,0,24,0.255813953,0.319148936,0.523255813,0.345357839,0.842404749,2.432432432,3,7.5441,1.351351351
Roberto Osuna,13764,HOU,30,121,3.6,27,3,0,12,12,5,4,0,0,34,0.23076923,0.256198347,0.384615384,0.269680902,0.640813731,1.5,8.5,3.6,1.033333333
Scott Oberg,13911,COL,32.2,120,1.6531,19,2,1,9,6,2,9,1,0,30,0.172727272,0.233333333,0.263636363,0.214607343,0.496969696,0.559006211,3.333333333,1.6531,0.869565217
Branden Kline,14101,BAL,24.2,111,5.473,31,8,0,15,15,4,9,0,1,20,0.31,0.372727272,0.51,0.372235114,0.882727272,1.487603306,2.222222222,5.473,1.652892562
Josh Hader,14212,MIL,57.2,223,2.6532,32,5,1,19,17,10,18,2,3,104,0.158415841,0.237668161,0.341584158,0.244903953,0.579252319,1.573426573,5.777777778,2.6532,0.874125874
Luke Bard,14288,LAA,30.1,116,3.2637,19,2,0,12,11,4,7,0,3,23,0.18095238,0.25,0.314285714,0.245569626,0.564285714,1.196013289,3.285714286,3.2637,0.863787375
Amir Garrett,14375,CIN,30,132,4.8,25,6,0,17,16,5,18,1,1,36,0.221238938,0.333333333,0.407079646,0.317758702,0.740412979,1.5,2,4.8,1.433333333
Adam Conley,14457,MIA,35.2,164,6.8131,40,7,1,27,27,9,20,5,1,34,0.285714285,0.376543209,0.542857142,0.373096117,0.919400351,2.301136364,1.7,6.8131,1.704545455
Jose Leclerc,14524,TEX,36.1,153,2.9725,17,5,0,13,12,3,20,1,6,59,0.137096774,0.282894736,0.25,0.246087986,0.532894736,0.747922438,2.95,2.9725,1.024930748
Carlos Estevez,14542,COL,42.1,168,2.7638,35,9,0,17,13,7,9,0,1,57,0.221518987,0.267857142,0.411392405,0.285601994,0.679249547,1.496437055,6.333333333,2.7638,1.045130641
Jose Ruiz,14552,CHW,26,130,6.2308,39,6,0,20,18,6,16,0,2,20,0.361111111,0.4453125,0.583333333,0.428904234,1.028645833,2.076923077,1.25,6.2308,2.115384615
Luis Perdomo,14682,SDP,44,178,3.6818,38,6,0,18,18,3,11,1,2,38,0.233128834,0.289772727,0.325153374,0.26673475,0.614926101,0.613636364,3.454545455,3.6818,1.113636364
Edwin Diaz,14710,NYM,33.1,152,7.29,41,7,0,27,27,10,9,1,4,54,0.299270072,0.357615894,0.569343065,0.38121203,0.926958959,2.719033233,6,7.29,1.510574018
Ty Buttrey,14719,LAA,39,170,4.6154,41,5,0,22,20,5,10,0,3,41,0.262820512,0.317647058,0.391025641,0.304702468,0.708672699,1.153846154,4.1,4.6154,1.307692308
Wes Parsons,14764,2 Tms,21.2,97,4.5692,20,2,1,13,11,2,17,0,2,17,0.27027027,0.40625,0.405405405,0.35478087,0.811655405,0.849056604,1,4.5692,1.745283019
Julio Urias,14765,LAD,31.2,129,1.9895,24,1,0,8,7,2,9,1,2,28,0.20338983,0.271317829,0.262711864,0.236861539,0.534029693,0.576923077,3.111111111,1.9895,1.057692308
Emilio Pagan,14771,TBR,46.2,171,1.5429,30,4,2,8,8,6,3,0,0,63,0.178571428,0.192982456,0.333333333,0.218045138,0.526315789,1.168831169,21,1.5429,0.714285714
Buck Farmer,14814,DET,40.1,166,4.2397,35,7,1,22,19,7,13,1,4,48,0.239726027,0.315151515,0.445205479,0.318140004,0.760356994,1.571072319,3.692307692,4.2397,1.197007481
Michael Lorenzen,14843,CIN,47.2,197,2.2657,43,6,0,12,12,5,15,1,0,46,0.240223463,0.297435897,0.357541899,0.280872275,0.654977796,0.953389831,3.066666667,2.2657,1.228813559
Zack Godley,14862,2 Tms,25,107,5.76,22,4,1,16,16,4,11,0,3,17,0.239130434,0.339622641,0.434782608,0.332166023,0.774405249,1.44,1.545454545,5.76,1.32
Reyes Moronta,14966,SFG,36.2,155,3.4364,24,6,0,14,14,4,20,0,1,52,0.180451127,0.292207792,0.315789473,0.271154139,0.607997265,0.994475138,2.6,3.4364,1.215469613
Tyler Webb,14974,STL,26,106,4.1538,17,2,1,12,12,5,12,3,0,22,0.188888888,0.278846153,0.4,0.274248913,0.678846153,1.730769231,1.833333333,4.1538,1.115384615
Giovanny Gallegos,14986,STL,40.2,156,1.9918,27,4,1,9,9,5,8,0,2,50,0.186206896,0.237179487,0.331034482,0.242547847,0.568213969,1.119402985,6.25,1.9918,0.870646766
Scott Barlow,14993,KCR,44.1,188,3.8571,34,9,3,19,19,3,22,0,1,58,0.208588957,0.304812834,0.35582822,0.287614254,0.660641054,0.612244898,2.636363636,3.8571,1.26984127
Victor Alcantara,15028,DET,26.2,117,5.0625,31,5,0,15,15,7,10,0,1,19,0.295238095,0.362068965,0.542857142,0.377627351,0.904926107,2.404580153,1.9,5.0625,1.564885496
Tim Mayza,15042,TOR,26,118,7.6154,25,6,0,22,22,4,14,2,0,32,0.247524752,0.333333333,0.425742574,0.316398023,0.759075907,1.384615385,2.285714286,7.6154,1.5
Lou Trivino,15043,OAK,29,136,4.3448,30,6,0,15,14,3,17,1,3,33,0.263157894,0.367647058,0.394736842,0.330242266,0.7623839,0.931034483,1.941176471,4.3448,1.620689655
Trevor Gott,15046,SFG,32.2,135,3.8571,26,2,1,14,14,4,12,0,2,38,0.220338983,0.298507462,0.355932203,0.283320838,0.654439665,1.118012422,3.166666667,3.8571,1.180124224
Yency Almonte,15068,COL,24,102,4.875,22,7,0,13,13,5,8,0,1,20,0.241758241,0.306930693,0.483516483,0.328237371,0.790447176,1.875,2.5,4.875,1.25
Hunter Wood,15091,2 Tms,25.1,102,4.2632,24,4,1,16,12,6,4,0,0,28,0.244897959,0.274509803,0.489795918,0.314695699,0.764305721,2.151394422,7,4.2632,1.115537849
Jake Newberry,15136,KCR,20,84,3.15,12,3,0,7,7,3,11,0,1,21,0.173913043,0.285714285,0.347826086,0.273794047,0.633540371,1.35,1.909090909,3.15,1.15
Jimmy Yacabonis,15157,BAL,21.1,104,6.75,28,7,0,17,16,3,14,0,2,20,0.318181818,0.423076923,0.5,0.395103302,0.923076923,1.279620853,1.428571429,6.75,1.990521327
Kevin McCarthy,15240,KCR,38.1,161,3.5217,41,11,0,16,15,2,8,1,2,29,0.277027027,0.320754716,0.391891891,0.303049844,0.712646607,0.472440945,3.625,3.5217,1.286089239
Adam Cimber,15288,CLE,43.2,182,3.2977,40,5,1,17,16,3,14,1,1,31,0.243902439,0.303867403,0.341463414,0.278232303,0.645330817,0.625,2.214285714,3.2977,1.25
Chad Green,15552,NYY,25.1,112,4.9737,28,5,0,14,14,5,7,0,1,27,0.27184466,0.321428571,0.466019417,0.330225087,0.787447988,1.792828685,3.857142857,4.9737,1.394422311
Nick Wittgren,15594,CLE,36,141,1.75,27,7,0,10,7,5,8,0,0,37,0.203007518,0.24822695,0.368421052,0.260856702,0.616648002,1.25,4.625,1.75,0.972222222
Miguel Castro,15684,BAL,49.1,205,5.1081,39,9,0,30,28,7,21,2,0,55,0.217877094,0.292682926,0.38547486,0.283957109,0.678157786,1.283095723,2.619047619,5.1081,1.221995927
Jimmy Cordero,15690,2 Tms,23,87,2.7391,18,3,1,7,7,3,2,0,2,19,0.216867469,0.252873563,0.385542168,0.268762266,0.638415731,1.173913043,9.5,2.7391,0.869565217
Joe Jimenez,15761,DET,33.2,140,3.7426,29,8,0,17,14,8,10,0,3,44,0.228346456,0.3,0.48031496,0.325822069,0.78031496,2.168674699,4.4,3.7426,1.174698795
Zack Littell,15823,MIN,21.1,85,2.9531,20,4,1,7,7,3,4,0,0,19,0.24691358,0.282352941,0.432098765,0.29894995,0.714451706,1.279620853,4.75,2.9531,1.137440758
Paul Fry,15832,BAL,31,137,6.0968,29,6,1,26,21,1,16,1,2,34,0.243697478,0.343065693,0.336134453,0.300170138,0.679200146,0.290322581,2.125,6.0968,1.451612903
Wander Suero,15855,WSN,38.1,154,5.8696,28,8,0,25,25,5,14,3,3,47,0.207407407,0.292207792,0.377777777,0.279642321,0.669985569,1.181102362,3.357142857,5.8696,1.102362205
Justin Shafer,16132,TOR,22.2,98,3.9706,23,6,1,10,10,2,10,0,1,20,0.264367816,0.346938775,0.425287356,0.331680975,0.772226131,0.810810811,2,3.9706,1.486486486
Jace Fry,16159,CHW,31,145,5.8065,28,4,0,24,20,7,24,2,1,38,0.235294117,0.368055555,0.445378151,0.346003014,0.813433706,2.032258065,1.583333333,5.8065,1.677419355
Justin Anderson,16201,LAA,25.1,115,5.329,22,7,1,18,15,2,16,0,1,31,0.226804123,0.339130434,0.381443298,0.314121324,0.720573732,0.717131474,1.9375,5.329,1.513944223
Aaron Bummer,16258,CHW,42.1,168,2.5512,27,2,0,12,12,3,20,2,3,39,0.1875,0.299401197,0.263888888,0.254340882,0.563290085,0.641330166,1.95,2.5512,1.116389549
Jesus Tinoco,16300,COL,22.1,88,4.0299,18,5,1,10,10,5,8,0,1,22,0.227848101,0.306818181,0.506329113,0.336804997,0.813147294,2.036199095,2.75,4.0299,1.176470588
Brad Wieck,16390,2 Tms,22,96,4.0909,15,3,0,11,10,4,12,0,2,37,0.182926829,0.302083333,0.365853658,0.292572511,0.667936991,1.636363636,3.083333333,4.0909,1.227272727
Ryan Yarbrough,16502,TBR,42.1,167,2.9764,36,10,1,16,14,4,5,1,0,32,0.222222222,0.245508982,0.37037037,0.25588393,0.615879352,0.855106888,6.4,2.9764,0.973871734
Jonathan Holder,16588,NYY,23.2,102,6.0845,24,4,0,19,16,6,4,0,1,27,0.24742268,0.284313725,0.474226804,0.31528205,0.758540529,2.327586207,6.75,6.0845,1.206896552
Jeff Brigham,16631,MIA,22.1,94,4.0299,23,2,0,11,10,5,6,1,1,23,0.26744186,0.319148936,0.465116279,0.324896921,0.784265215,2.036199095,3.833333333,4.0299,1.312217195
Josh James,16794,HOU,31,133,4.3548,25,5,1,16,15,4,14,0,3,51,0.215517241,0.315789473,0.379310344,0.302529028,0.695099817,1.161290323,3.642857143,4.3548,1.258064516
Tim Hill,16814,KCR,22.2,96,4.7647,20,4,0,13,12,4,8,2,3,28,0.238095238,0.326315789,0.428571428,0.315693583,0.754887217,1.621621622,3.5,4.7647,1.261261261
Touki Toussaint,16929,ATL,29.1,126,2.4545,21,2,0,10,8,1,17,0,4,32,0.203883495,0.338709677,0.252427184,0.279336013,0.591136861,0.309278351,1.882352941,2.4545,1.305841924
Sean Newcomb,16943,ATL,36,147,2.75,27,5,1,12,11,6,12,1,1,35,0.203007518,0.272108843,0.390977443,0.278124092,0.663086286,1.5,2.916666667,2.75,1.083333333
Raisel Iglesias,17130,CIN,39.1,162,3.4322,35,6,1,15,15,5,12,1,2,56,0.239726027,0.304347826,0.397260273,0.297245748,0.701608099,1.150895141,4.666666667,3.4322,1.202046036
Yoan Lopez,17181,ARI,37,152,3.1622,33,7,2,17,13,5,13,2,0,25,0.246268656,0.304635761,0.440298507,0.304618378,0.744934268,1.216216216,1.923076923,3.1622,1.243243243
Jalen Beeks,17192,TBR,69.2,297,3.6172,71,19,0,33,28,7,22,1,6,59,0.268939393,0.334459459,0.420454545,0.320803999,0.754914004,0.910404624,2.681818182,3.6172,1.343930636
Austin Brice,17237,MIA,27.2,117,3.253,20,2,0,11,10,4,8,1,4,31,0.192307692,0.273504273,0.326923076,0.259266378,0.600427349,1.323529412,3.875,3.253,1.029411765
Sam Coonrod,17264,SFG,20.1,74,2.6557,13,1,0,6,6,2,5,0,3,16,0.2,0.287671232,0.307692307,0.265766156,0.595363539,0.895522388,3.2,2.6557,0.895522388
Ranger Suarez,17277,PHI,31.1,137,3.4468,39,5,0,13,12,5,9,2,0,28,0.309523809,0.352941176,0.468253968,0.342027416,0.821195144,1.446945338,3.111111111,3.4468,1.54340836
Thomas Pannone,17281,TOR,30.2,138,4.6956,27,5,0,16,16,5,17,1,3,29,0.23076923,0.34057971,0.401709401,0.319464853,0.742289111,1.490066225,1.705882353,4.6956,1.456953642
Framber Valdez,17295,HOU,24,111,5.25,30,6,1,19,14,2,10,0,1,20,0.306122448,0.369369369,0.448979591,0.347675553,0.81834896,0.75,2,5.25,1.666666667
Josh Taylor,17359,BOS,27.1,117,3.622,25,4,0,12,11,3,10,1,2,37,0.240384615,0.316239316,0.365384615,0.29301102,0.681623931,0.996309963,3.7,3.622,1.291512915
Brett Martin,17369,TEX,36.1,161,4.211,42,12,0,21,17,4,10,2,1,33,0.283783783,0.329192546,0.445945945,0.322072174,0.775138491,0.997229917,3.3,4.211,1.440443213
Diego Castillo,17496,TBR,41,165,3.0732,27,5,2,17,14,4,16,1,5,46,0.190140845,0.292682926,0.338028169,0.274623986,0.630711095,0.87804878,2.875,3.0732,1.048780488
Tanner Rainey,17610,WSN,30.1,126,2.0769,14,1,1,8,7,2,19,0,4,46,0.138613861,0.298387096,0.227722772,0.252526482,0.526109868,0.598006645,2.421052632,2.0769,1.096345515
Jeffrey Springs,17677,TEX,22,101,6.5455,22,6,1,16,16,4,15,0,0,23,0.261904761,0.37,0.5,0.365072425,0.87,1.636363636,1.533333333,6.5455,1.681818182
Trey Wingenter,17793,SDP,22.2,104,5.5588,20,6,0,14,14,4,15,0,1,35,0.232558139,0.349514563,0.441860465,0.338134328,0.791375028,1.621621622,2.333333333,5.5588,1.576576577
Nestor Cortes,17874,NYY,44.1,189,4.8722,40,4,0,24,24,10,20,1,0,44,0.238095238,0.317460317,0.44047619,0.319081927,0.757936507,2.040816327,2.2,4.8722,1.360544218
Phil Maton,18064,2 Tms,22.2,98,5.5588,21,5,1,15,14,6,7,0,1,21,0.235955056,0.298969072,0.516853932,0.336363875,0.815823004,2.432432432,3,5.5588,1.261261261
Jarlin Garcia,18282,MIA,30,122,4.2,21,2,0,14,14,4,11,2,2,26,0.194444444,0.278688524,0.324074074,0.257388868,0.602762598,1.2,2.363636364,4.2,1.066666667
Tyler Kinley,18297,MIA,30.2,136,2.6413,26,2,0,9,9,3,22,1,1,29,0.234234234,0.362962962,0.333333333,0.311411118,0.696296295,0.894039735,1.318181818,2.6413,1.589403974
Nick Anderson,18337,2 Tms,35.2,141,1.7664,24,2,1,7,7,4,7,0,2,62,0.183206106,0.234042553,0.305343511,0.232441881,0.539386064,1.022727273,8.857142857,1.7664,0.880681818
Freddy Peralta,18679,MIL,30.2,129,5.8696,29,8,1,23,20,6,9,0,0,43,0.245762711,0.296875,0.483050847,0.322552327,0.779925847,1.78807947,4.777777778,5.8696,1.258278146
Jacob Webb,19274,ATL,21.1,86,2.1094,17,7,0,9,5,4,7,0,0,15,0.217948717,0.282352941,0.461538461,0.309699987,0.743891402,1.706161137,2.142857143,2.1094,1.137440758
Edgar Garcia,19276,PHI,26.2,113,4.3875,23,2,0,13,13,6,16,1,0,32,0.242105263,0.348214285,0.452631578,0.337559203,0.800845863,2.061068702,2,4.3875,1.488549618
Caleb Ferguson,19349,LAD,22.1,106,6.0448,22,5,0,17,15,3,16,1,4,29,0.261904761,0.4,0.428571428,0.358728003,0.828571428,1.221719457,1.8125,6.0448,1.719457014
Colin Poche,19403,TBR,32,130,4.5,22,3,1,16,16,6,12,1,2,46,0.189655172,0.276923076,0.387931034,0.281264986,0.66485411,1.6875,3.833333333,4.5,1.0625
Gregory Soto,19677,DET,24,111,4.125,28,8,0,12,11,3,17,1,0,19,0.29787234,0.405405405,0.478723404,0.376181432,0.884128809,1.125,1.117647059,4.125,1.875
Yoshihisa Hirano,19756,ARI,30.2,133,4.6956,29,8,0,17,16,3,12,1,3,33,0.247863247,0.330827067,0.393162393,0.310270758,0.72398946,0.894039735,2.75,4.6956,1.357615894