Name,playerId,Tm,IP,TBF,ERA,H,2B,3B,R,ER,HR,BB,IBB,HBP,SO,AVG,OBP,SLG,wOBA,LHH_OPS,LHH_HR/9,LHH_SO/BB,LHH_ERA,LHH_WHIP
Fernando Rodney,494,2 Tms,24.1,108,5.1781,27,2,0,14,14,3,14,1,0,25,0.287234042,0.379629629,0.404255319,0.339786216,0.783884948,1.12033195,1.785714286,5.1781,1.701244813
Adam Ottavino,1247,NYY,21.1,97,2.9531,19,3,0,8,7,3,15,3,1,21,0.240506329,0.360824742,0.392405063,0.316768568,0.753229805,1.279620853,1.4,2.9531,1.611374408
Oliver Perez,1514,CLE,23.1,95,1.5429,18,2,0,4,4,3,7,0,1,26,0.206896551,0.27368421,0.333333333,0.26429588,0.607017543,1.168831169,3.714285714,1.5429,1.082251082
Sean Doolittle,1581,WSN,20.1,80,2.6557,17,3,3,6,6,2,2,0,0,23,0.22077922,0.240506329,0.415584415,0.269913487,0.656090744,0.895522388,11.5,2.6557,0.945273632
Hector Rondon,2391,HOU,26.1,104,4.1013,19,6,0,12,12,6,8,0,3,20,0.204301075,0.288461538,0.462365591,0.314465927,0.750827129,2.068965517,2.5,4.1013,1.034482759
Luis Avilan,2882,NYM,15.2,54,2.2979,5,1,0,4,4,1,5,0,0,17,0.102040816,0.185185185,0.183673469,0.170675826,0.368858654,0.592105263,3.4,2.2979,0.657894737
Kenley Jansen,3096,LAD,34,141,3.4412,26,8,0,14,13,5,9,0,1,39,0.198473282,0.255319148,0.374045801,0.267147199,0.629364949,1.323529412,4.333333333,3.4412,1.029411765
Tony Watson,3132,SFG,14,71,6.4286,23,3,0,11,10,2,5,0,1,9,0.359375,0.414285714,0.5,0.39075263,0.914285714,1.285714286,1.8,6.4286,2
Will Harris,3192,HOU,34,125,1.3235,25,1,0,6,5,2,3,0,0,34,0.20661157,0.225806451,0.264462809,0.212080483,0.49026926,0.529411765,11.33333333,1.3235,0.823529412
Francisco Liriano,3201,PIT,19.2,87,1.3729,14,4,0,7,3,2,13,0,1,22,0.194444444,0.325581395,0.333333333,0.295298042,0.658914728,0.9375,1.692307692,1.3729,1.40625
T.J. McFarland,3237,ARI,30.2,131,4.1087,35,6,1,16,14,3,9,0,0,22,0.291666666,0.335877862,0.433333333,0.325194207,0.769211195,0.894039735,2.444444444,4.1087,1.456953642
Zack Britton,3240,NYY,16.2,67,1.08,9,2,0,2,2,0,9,0,0,25,0.157894736,0.268656716,0.192982456,0.219898952,0.461639172,0,2.777777778,1.08,1.111111111
Liam Hendriks,3548,OAK,37.1,159,2.6518,37,7,1,12,11,4,9,4,2,54,0.253424657,0.303797468,0.397260273,0.288531788,0.701057741,0.970350404,6,2.6518,1.239892183
Zach Duke,3840,CIN,14,65,4.5,13,4,0,7,7,3,11,0,1,14,0.25,0.384615384,0.5,0.372544064,0.884615384,1.928571429,1.272727273,4.5,1.714285714
Matt Magill,3950,2 Tms,20.2,96,3.4839,23,8,0,11,8,3,11,2,0,20,0.280487804,0.357894736,0.487804878,0.34623505,0.845699614,1.336633663,1.818181818,3.4839,1.683168317
Yusmeiro Petit,4020,OAK,34.2,132,3.375,27,5,2,13,13,6,5,0,0,27,0.217741935,0.244274809,0.43548387,0.277897272,0.679758679,1.578947368,5.4,3.375,0.935672515
Pedro Strop,4070,CHC,20,87,4.05,15,4,1,9,9,2,12,1,1,21,0.202702702,0.32183908,0.364864864,0.297023931,0.686703944,0.9,1.75,4.05,1.35
Derek Holland,4141,2 Tms,18.1,80,0.9818,14,2,0,2,2,1,9,0,1,15,0.2,0.3,0.271428571,0.260880136,0.571428571,0.497237569,1.666666667,0.9818,1.270718232
David Hernandez,4259,CIN,16.2,82,11.34,26,9,1,22,21,5,6,1,1,28,0.351351351,0.402439024,0.702702702,0.44337089,1.105141726,2.777777778,4.666666667,11.34,1.975308642
Mark Melancon,4264,2 Tms,25.2,106,3.1558,27,4,1,10,9,0,9,1,0,25,0.278350515,0.339622641,0.340206185,0.295708459,0.679828826,0,2.777777778,3.1558,1.428571429
Matt Albers,4300,MIL,16,80,10.6875,18,4,0,19,19,4,13,3,3,7,0.285714285,0.425,0.539682539,0.394564502,0.964682539,2.25,0.538461538,10.6875,1.9375
Justin Wilson,4301,NYM,12.2,57,1.421,10,2,0,3,2,0,11,1,0,17,0.217391304,0.368421052,0.260869565,0.290948778,0.629290617,0,1.545454545,1.421,1.721311475
Tyler Chatwood,4338,CHC,19.1,91,5.1207,25,5,0,11,11,2,11,0,0,21,0.316455696,0.395604395,0.455696202,0.36492927,0.851300597,0.942408377,1.909090909,5.1207,1.884816754
Jake Diekman,5003,2 Tms,23,105,3.913,19,6,0,10,10,0,16,0,3,21,0.223529411,0.361904761,0.294117647,0.302926091,0.656022408,0,1.3125,3.913,1.52173913
Jeurys Familia,5114,NYM,23.2,116,6.8451,29,3,1,18,18,3,19,2,1,23,0.311827956,0.429824561,0.462365591,0.380207131,0.892190152,1.163793103,1.210526316,6.8451,2.068965517
Wade LeBlanc,5221,SEA,18.2,78,6.2678,19,5,0,13,13,5,4,0,0,18,0.256756756,0.294871794,0.527027027,0.33805955,0.821898821,2.472527473,4.5,6.2678,1.263736264
Blake Parker,5224,2 Tms,25,108,3.24,24,3,0,10,9,2,12,0,1,21,0.260869565,0.349056603,0.358695652,0.311833518,0.707752255,0.72,1.75,3.24,1.44
Wilmer Font,5257,3 Tms,18.2,83,4.3393,20,6,0,9,9,5,8,1,0,24,0.27027027,0.337349397,0.554054054,0.361660885,0.891403451,2.472527473,3,4.3393,1.538461538
Jose Alvarez,5358,PHI,28.2,115,2.5116,25,4,0,10,8,4,5,0,1,22,0.235849056,0.271929824,0.386792452,0.277007133,0.658722276,1.276595745,4.4,2.5116,1.063829787
Pedro Baez,5420,LAD,34.1,129,2.6214,21,6,1,14,10,2,8,1,1,29,0.176470588,0.234375,0.294117647,0.225942027,0.528492647,0.527859238,3.625,2.6214,0.850439883
Jesse Chavez,5448,TEX,19.2,86,4.1186,21,5,0,10,9,2,5,0,1,22,0.2625,0.313953488,0.4,0.305902132,0.713953488,0.9375,4.4,4.1186,1.354166667
Ryan Brasier,5615,BOS,23.2,111,6.0845,23,7,0,18,16,6,14,0,2,23,0.247311827,0.351351351,0.516129032,0.359932374,0.867480383,2.327586207,1.642857143,6.0845,1.594827586
Tyler Clippard,5640,CLE,29.2,106,1.8202,10,1,1,6,6,2,8,0,3,27,0.107526881,0.2,0.204301075,0.185927612,0.404301075,0.616438356,3.375,1.8202,0.616438356
Junior Guerra,5702,MIL,37,160,2.6757,23,5,1,13,11,3,27,2,2,32,0.178294573,0.327044025,0.302325581,0.282173509,0.629369606,0.72972973,1.185185185,2.6757,1.351351351
Kelvin Herrera,6033,CHW,19.2,93,6.4068,24,3,0,14,14,2,10,5,0,16,0.296296296,0.369565217,0.407407407,0.316127304,0.776972624,0.9375,1.6,6.4068,1.770833333
Trevor Cahill,6249,LAA,21,87,5.1429,20,8,0,14,12,5,5,0,1,17,0.25,0.298850574,0.5375,0.341252108,0.836350574,2.142857143,3.4,5.1429,1.19047619
David Phelps,6316,2 Tms,10.2,48,3.375,12,0,2,5,4,3,5,0,0,14,0.279069767,0.354166666,0.581395348,0.383653386,0.935562014,2.647058824,2.8,3.375,1.666666667
Trevor May,6398,MIN,33.1,132,2.97,23,4,0,12,11,5,7,0,1,37,0.18548387,0.234848484,0.338709677,0.244622095,0.573558161,1.359516616,5.285714286,2.97,0.906344411
Jose Cisnero,6399,DET,14.1,72,6.2791,17,4,1,12,10,2,11,3,2,16,0.298245614,0.422535211,0.508771929,0.381347132,0.93130714,1.276595745,1.454545455,6.2791,1.985815603
Steve Cishek,6483,CHC,24.2,109,3.6486,19,2,0,10,10,4,16,1,4,26,0.21590909,0.357798165,0.375,0.321552301,0.732798165,1.487603306,1.625,3.6486,1.446280992
Blaine Hardy,6499,DET,14,59,4.5,12,2,1,9,7,7,6,0,0,11,0.235294117,0.305084745,0.725490196,0.396950475,1.030574941,4.5,1.833333333,4.5,1.285714286
Brad Brach,6627,2 Tms,15,86,9.6,29,5,3,16,16,2,13,1,1,8,0.402777777,0.5,0.638888888,0.471467383,1.138888888,1.2,0.615384615,9.6,2.8
Craig Kimbrel,6655,CHC,11,49,7.3636,10,2,0,9,9,4,3,0,2,16,0.232558139,0.306122448,0.558139534,0.35059627,0.864261982,3.272727273,5.333333333,7.3636,1.181818182
Alex Colome,6661,CHW,28,110,2.5714,19,6,0,11,8,3,8,2,0,30,0.19,0.247706422,0.34,0.242583488,0.587706422,0.964285714,3.75,2.5714,0.964285714
Andrew Miller,6785,STL,25,111,3.96,20,0,0,11,11,4,14,1,3,39,0.212765957,0.333333333,0.340425531,0.298212155,0.673758864,1.44,2.785714286,3.96,1.36
Joakim Soria,6941,OAK,32.2,133,6.0612,28,4,1,22,22,4,7,0,2,33,0.227642276,0.278195488,0.373983739,0.27779585,0.652179227,1.118012422,4.714285714,6.0612,1.086956522
Luis Garcia,6984,LAA,25,116,4.68,24,1,0,14,13,4,19,0,0,24,0.252631578,0.373913043,0.389473684,0.335764715,0.763386727,1.44,1.263157895,4.68,1.72
Ian Kennedy,6986,KCR,33,135,2.7273,28,4,0,10,10,4,10,0,1,40,0.225806451,0.288888888,0.354838709,0.278808204,0.643727597,1.090909091,4,2.7273,1.151515152
Ryan Pressly,7005,HOU,28.2,103,0.6279,12,1,0,2,2,2,5,0,0,40,0.12371134,0.165048543,0.195876288,0.158967712,0.360924831,0.638297872,8,0.6279,0.602836879
Daniel Hudson,7146,2 Tms,31.1,130,2.2979,23,9,0,10,8,3,12,1,1,21,0.201754385,0.279069767,0.359649122,0.270677512,0.638718889,0.868167203,1.75,2.2979,1.125401929
Greg Holland,7196,ARI,18,73,4.5,11,2,0,9,9,2,12,1,0,22,0.180327868,0.315068493,0.311475409,0.277679042,0.626543902,1,1.833333333,4.5,1.277777778
Craig Stammen,7274,SDP,38.2,153,2.7931,29,10,0,14,12,4,8,2,1,31,0.202797202,0.248366013,0.356643356,0.250528996,0.605009369,0.942408377,3.875,2.7931,0.968586387
Dan Otero,7385,CLE,12.1,50,5.1081,13,3,0,7,7,1,2,0,0,6,0.270833333,0.3,0.395833333,0.295931662,0.695833333,0.743801653,3,5.1081,1.239669421
Javy Guerra,7407,2 Tms,28,120,5.4643,30,5,1,17,17,5,7,2,0,21,0.267857142,0.308333333,0.464285714,0.315966335,0.772619047,1.607142857,3,5.4643,1.321428571
Jay Jackson,7432,MIL,10.2,51,7.5937,10,3,0,9,9,3,8,1,1,15,0.25,0.372549019,0.55,0.369966148,0.922549019,2.647058824,1.875,7.5937,1.764705882
Wade Davis,7441,COL,18,89,9.5,21,6,1,19,19,0,13,0,1,17,0.28,0.393258426,0.386666666,0.344905021,0.779925092,0,1.307692308,9.5,1.888888889
Anthony Swarzak,7466,2 Tms,17.2,82,6.6226,19,2,1,13,13,5,12,2,0,27,0.271428571,0.37804878,0.542857142,0.376608116,0.920905922,2.61627907,2.25,6.6226,1.802325581
Collin McHugh,7531,HOU,16.2,66,1.62,8,1,0,3,3,1,9,0,0,20,0.140350877,0.257575757,0.210526315,0.221007492,0.468102072,0.555555556,2.222222222,1.62,1.049382716
Jake McGee,7550,COL,19,75,1.8947,16,2,1,7,4,3,4,0,0,15,0.235294117,0.266666666,0.426470588,0.283176037,0.693137254,1.421052632,3.75,1.8947,1.052631579
Nick Vincent,7555,2 Tms,14.2,65,1.8409,13,3,1,4,3,1,7,2,2,15,0.232142857,0.338461538,0.375,0.301036613,0.713461538,0.633802817,2.142857143,1.8409,1.408450704
Tommy Milone,7608,SEA,20.2,84,7.4032,19,7,0,17,17,5,3,0,1,16,0.240506329,0.273809523,0.518987341,0.322520002,0.792796864,2.227722772,5.333333333,7.4032,1.089108911
Neil Ramirez,7677,2 Tms,10.1,49,8.7097,13,3,0,10,10,4,7,0,0,9,0.309523809,0.408163265,0.666666666,0.437915145,1.074829931,3.564356436,1.285714286,8.7097,1.98019802
Juan Nicasio,7731,PHI,17,80,4.2353,19,5,0,8,8,2,11,3,0,18,0.279411764,0.375,0.44117647,0.33662385,0.81617647,1.058823529,1.636363636,4.2353,1.764705882
Wily Peralta,7738,KCR,17,81,9.5294,21,5,0,20,18,6,8,1,2,12,0.304347826,0.382716049,0.637681159,0.408588795,1.020397208,3.176470588,1.5,9.5294,1.705882353
Shawn Kelley,7773,TEX,20.1,101,7.082,34,9,1,17,16,6,7,2,1,13,0.373626373,0.424242424,0.692307692,0.452987928,1.116550116,2.686567164,1.857142857,7.082,2.039800995
Richard Bleier,7803,BAL,26,98,3.1154,21,5,0,10,9,1,2,0,2,17,0.225806451,0.25510204,0.311827956,0.243734561,0.566929996,0.346153846,8.5,3.1154,0.884615385
Jerry Blevins,7841,ATL,17,69,2.6471,11,3,0,5,5,1,7,0,0,20,0.180327868,0.260869565,0.278688524,0.239258567,0.539558089,0.529411765,2.857142857,2.6471,1.058823529
Cory Gearrin,7947,2 Tms,18.2,84,5.7857,20,3,0,12,12,3,10,1,1,13,0.273972602,0.369047619,0.438356164,0.344276736,0.807403783,1.483516484,1.3,5.7857,1.648351648
Anthony Bass,7982,SEA,22.1,86,2.8209,13,3,1,8,7,2,6,1,0,21,0.164556962,0.220930232,0.303797468,0.218785925,0.5247277,0.814479638,3.5,2.8209,0.859728507
Marcus Walden,8004,BOS,32,132,3.9375,23,7,0,16,14,3,13,1,0,36,0.198275862,0.27480916,0.336206896,0.260951432,0.611016056,0.84375,2.769230769,3.9375,1.125
Will Smith,8048,SFG,19.2,72,2.2881,11,0,1,5,5,1,1,0,0,42,0.157142857,0.166666666,0.228571428,0.166462659,0.395238094,0.46875,42,2.2881,0.625
Bryan Shaw,8110,COL,35,136,3.3429,24,3,3,13,13,2,13,0,2,24,0.2,0.288888888,0.325,0.269941391,0.613888888,0.514285714,1.846153846,3.3429,1.057142857
Tony Sipp,8280,WSN,12.2,53,0.7105,12,3,0,1,1,1,2,0,1,8,0.255319148,0.283018867,0.382978723,0.276343241,0.66599759,0.737704918,4,0.7105,1.147540984
Andrew Cashner,8782,BOS,11,45,4.0909,8,3,1,5,5,1,6,0,0,7,0.210526315,0.318181818,0.421052631,0.315207567,0.739234449,0.818181818,1.166666667,4.0909,1.272727273
Oliver Drake,8823,TBR,30.1,104,0.2967,15,2,0,1,1,1,2,0,0,33,0.147058823,0.163461538,0.196078431,0.155660969,0.359539969,0.299003322,16.5,0.2967,0.564784053
Adam Warren,9029,SDP,12.2,49,4.2631,7,1,0,6,6,1,6,0,0,12,0.162790697,0.265306122,0.255813953,0.237673544,0.521120075,0.737704918,2,4.2631,1.06557377
Kirby Yates,9073,SDP,32,132,2.25,24,8,0,10,8,2,8,1,2,54,0.196721311,0.257575757,0.311475409,0.244712831,0.569051166,0.5625,6.75,2.25,1
Brad Hand,9111,CLE,15.1,64,2.3478,11,1,0,4,4,0,6,1,1,21,0.196428571,0.285714285,0.214285714,0.227152022,0.5,0,3.5,2.3478,1.125827815
Jared Hughes,9325,2 Tms,23.2,95,3.8028,16,2,0,12,10,2,9,1,0,12,0.192771084,0.268817204,0.289156626,0.242065694,0.55797383,0.775862069,1.333333333,3.8028,1.077586207
Josh Tomlin,9388,ATL,32,124,3.6563,29,2,2,15,13,6,3,0,0,25,0.243697478,0.258064516,0.445378151,0.288080625,0.703442667,1.6875,8.333333333,3.6563,1
Ryan Buchter,9456,OAK,28.2,115,2.5116,25,4,1,9,8,5,7,0,1,33,0.238095238,0.289473684,0.438095238,0.304287186,0.727568922,1.595744681,4.714285714,2.5116,1.134751773
Jeremy Jeffress,9490,MIL,22.1,96,4.4328,25,6,0,14,11,2,7,0,0,17,0.280898876,0.333333333,0.415730337,0.320775442,0.74906367,0.814479638,2.428571429,4.4328,1.447963801
David Hale,9756,NYY,15.1,66,3.5217,17,7,1,6,6,0,3,1,0,6,0.274193548,0.303030303,0.419354838,0.29619568,0.722385141,0,2,3.5217,1.324503311
Joe Kelly,9761,LAD,21.2,98,5.4,21,4,0,15,13,3,12,2,1,29,0.247058823,0.346938775,0.4,0.317520081,0.746938775,1.273584906,2.416666667,5.4,1.556603774
Sergio Romo,9817,2 Tms,26.1,112,4.1013,24,4,0,14,12,2,11,1,0,22,0.242424242,0.3125,0.343434343,0.28199644,0.655934343,0.689655172,2,4.1013,1.340996169
Chaz Roe,9866,TBR,11.2,55,3.8571,10,1,0,6,5,1,9,2,1,18,0.227272727,0.37037037,0.318181818,0.301237229,0.688552188,0.803571429,2,3.8571,1.696428571
Brandon Kintzler,9939,CHC,23.2,89,3.0422,13,4,1,9,8,1,7,3,2,17,0.1625,0.247191011,0.275,0.216535687,0.522191011,0.387931034,2.428571429,3.0422,0.862068966
Mike Dunn,9948,COL,10.1,39,7.8387,7,1,1,9,9,2,2,0,0,10,0.212121212,0.23076923,0.484848484,0.272158016,0.715617714,1.782178218,5,7.8387,0.891089109
Brad Boxberger,10133,KCR,14.1,64,3.7675,12,2,0,6,6,1,9,0,1,15,0.222222222,0.34375,0.314814814,0.298924943,0.658564814,0.638297872,1.666666667,3.7675,1.489361702
Ryan Weber,10160,BOS,12.1,56,4.3784,15,2,0,6,6,3,4,0,1,7,0.294117647,0.357142857,0.509803921,0.364792916,0.866946778,2.231404959,1.75,4.3784,1.570247934
Aroldis Chapman,10233,NYY,14,56,2.5714,8,3,0,6,4,0,5,0,0,23,0.163265306,0.236363636,0.224489795,0.208172754,0.460853431,0,4.6,2.5714,0.928571429
Juan Minaya,10341,CHW,10.1,49,1.7419,12,5,0,2,2,0,6,0,0,9,0.279069767,0.367346938,0.395348837,0.332904875,0.762695775,0,1.5,1.7419,1.782178218
Robbie Erlin,10354,SDP,20.2,101,3.9193,31,2,0,10,9,2,6,0,1,23,0.333333333,0.38,0.419354838,0.346527798,0.799354838,0.891089109,3.833333333,3.9193,1.831683168
Mychal Givens,10430,BAL,23.1,105,6.9429,24,3,2,18,18,7,13,1,0,29,0.266666666,0.352380952,0.577777777,0.37503459,0.930158729,2.727272727,2.230769231,6.9429,1.601731602
Chad Bettis,10587,COL,22,91,5.3182,20,5,0,14,13,3,8,2,1,16,0.243902439,0.318681318,0.414634146,0.305597747,0.733315464,1.227272727,2,5.3182,1.272727273
Shane Greene,10756,2 Tms,24,105,3.75,25,3,0,11,10,4,8,1,2,29,0.265957446,0.336538461,0.425531914,0.32360739,0.762070375,1.5,3.625,3.75,1.375
Adam Kolarek,10843,2 Tms,29.2,113,0.9101,19,3,0,3,3,2,3,0,3,26,0.177570093,0.221238938,0.261682242,0.211788477,0.48292118,0.616438356,8.666666667,0.9101,0.753424658
Casey Sadler,11209,2 Tms,23,94,2.7391,20,2,0,7,7,4,6,1,3,14,0.238095238,0.311827956,0.404761904,0.304077118,0.71658986,1.565217391,2.333333333,2.7391,1.130434783
Tommy Kahnle,11384,NYY,31,126,4.0645,24,4,0,15,14,6,10,0,1,48,0.208695652,0.277777777,0.4,0.288099493,0.677777777,1.741935484,4.8,4.0645,1.096774194
Drew Pomeranz,11426,2 Tms,11.1,38,2.3824,6,1,0,3,3,2,0,0,0,18,0.162162162,0.157894736,0.351351351,0.202751531,0.509246087,1.621621622,#DIV/0!,2.3824,0.540540541
Brandon Workman,11428,BOS,31.2,130,2.8421,14,3,0,11,10,1,21,3,1,48,0.132075471,0.276923076,0.188679245,0.215985184,0.465602321,0.288461538,2.285714286,2.8421,1.121794872
Matt Grace,11449,WSN,19.2,88,5.9491,28,4,0,14,13,3,2,0,2,22,0.337349397,0.367816091,0.493975903,0.36512688,0.861791994,1.40625,11,5.9491,1.5625
Josh Osich,11528,CHW,31.1,115,3.4468,19,5,0,12,12,5,4,0,0,30,0.171171171,0.2,0.351351351,0.229292564,0.551351351,1.446945338,7.5,3.4468,0.739549839
Heath Hembree,11632,BOS,16.1,71,4.9592,14,4,3,10,9,4,8,2,0,17,0.222222222,0.309859154,0.571428571,0.347281685,0.881287725,2.236024845,2.125,4.9592,1.366459627
Carlos Martinez,11682,STL,20.2,88,4.7903,18,4,0,12,11,1,9,1,1,24,0.236842105,0.32183908,0.328947368,0.283170457,0.650786448,0.445544554,2.666666667,4.7903,1.336633663
Tayron Guerrero,11691,MIA,17.2,92,7.6415,19,4,0,15,15,4,16,0,3,21,0.263888888,0.413043478,0.486111111,0.384704793,0.899154589,2.093023256,1.3125,7.6415,2.034883721
Nick Kingham,11694,2 Tms,16.2,77,7.56,24,6,0,14,14,4,5,0,0,13,0.333333333,0.376623376,0.583333333,0.398494855,0.959956709,2.222222222,2.6,7.56,1.790123457
Sam Dyson,11710,2 Tms,23.2,97,2.662,20,3,0,9,7,3,5,0,2,23,0.224719101,0.28125,0.359550561,0.27638549,0.640800561,1.163793103,4.6,2.662,1.077586207
Luke Jackson,11752,ATL,32,117,2.8125,17,3,0,12,10,5,9,2,0,44,0.157407407,0.222222222,0.324074074,0.22614087,0.546296296,1.40625,4.888888889,2.8125,0.8125
Kyle Ryan,11753,CHC,25.1,103,2.1316,21,3,1,6,6,0,9,0,0,24,0.225806451,0.291262135,0.279569892,0.25412604,0.570832027,0,2.666666667,2.1316,1.195219124
Hansel Robles,11801,LAA,34.1,132,2.6214,28,7,0,10,10,2,6,1,0,40,0.225806451,0.257575757,0.330645161,0.247097192,0.588220918,0.527859238,6.666666667,2.6214,0.997067449
Hector Neris,11804,PHI,31.1,125,3.4468,18,2,0,12,12,5,15,1,1,37,0.166666666,0.272,0.324074074,0.258709902,0.596074074,1.446945338,2.466666667,3.4468,1.061093248
Chris Martin,11847,2 Tms,27.2,101,2.6024,20,2,0,9,8,5,1,0,0,35,0.202020202,0.207920792,0.373737373,0.238873246,0.581658165,1.654411765,35,2.6024,0.772058824
Michael Feliz,11903,PIT,27.1,111,2.3049,17,4,1,9,7,4,15,1,0,27,0.178947368,0.288288288,0.368421052,0.279770889,0.65670934,1.328413284,1.8,2.3049,1.180811808
Taylor Cole,11964,LAA,18.2,83,4.3393,18,4,0,9,9,1,12,3,1,20,0.257142857,0.373493975,0.357142857,0.313036923,0.730636832,0.494505495,1.666666667,4.3393,1.648351648
Matt Andriese,12022,ARI,29.2,132,6.0674,26,8,2,20,20,4,15,3,1,31,0.228070175,0.320610687,0.438596491,0.312402547,0.759207178,1.232876712,2.066666667,6.0674,1.404109589
Brian Flynn,12027,KCR,12.1,51,2.9189,12,2,0,4,4,0,6,1,0,10,0.272727272,0.36,0.318181818,0.297568849,0.678181818,0,1.666666667,2.9189,1.487603306
Felipe Vazquez,12076,PIT,13.2,53,1.3171,9,3,1,2,2,1,3,0,3,25,0.191489361,0.283018867,0.361702127,0.2797265,0.644720994,0.681818182,8.333333333,1.3171,0.909090909
Yimi Garcia,12095,LAD,23.2,88,4.5634,14,2,1,13,12,7,4,1,1,21,0.170731707,0.218390804,0.475609756,0.276832849,0.69400056,2.715517241,5.25,4.5634,0.775862069
Parker Markel,12106,2 Tms,10.2,52,3.375,12,4,0,5,4,3,8,1,1,15,0.279069767,0.403846153,0.581395348,0.403619194,0.985241501,2.647058824,1.875,3.375,1.960784314
Cody Allen,12183,LAA,10,53,8.1,10,1,0,9,9,5,11,0,0,14,0.243902439,0.396226415,0.634146341,0.414830439,1.030372756,4.5,1.272727273,8.1,2.1
Aaron Brooks,12272,2 Tms,15.1,62,2.9348,10,3,0,5,5,3,5,0,2,10,0.181818181,0.274193548,0.4,0.287692489,0.674193548,1.78807947,2,2.9348,0.993377483
Evan Marshall,12297,CHW,18.2,78,1.4464,15,4,0,4,3,0,10,2,0,12,0.220588235,0.32051282,0.279411764,0.262561747,0.599924584,0,1.2,1.4464,1.373626374
Jacob Barnes,12323,2 Tms,12.1,63,2.1892,12,2,0,4,3,0,9,1,0,10,0.222222222,0.333333333,0.259259259,0.268576728,0.592592592,0,1.111111111,2.1892,1.73553719
Seth Lugo,12447,NYM,33.2,129,2.1386,20,4,1,8,8,4,8,3,1,41,0.166666666,0.224806201,0.316666666,0.221350675,0.541472867,1.084337349,5.125,2.1386,0.843373494
Blake Treinen,12572,OAK,29,132,4.6552,29,6,0,16,15,5,16,1,1,27,0.254385964,0.351145038,0.438596491,0.336340231,0.789741529,1.551724138,1.6875,4.6552,1.551724138
Nick Ramirez,12575,DET,27.2,117,2.6024,24,3,1,11,8,2,12,0,0,22,0.23076923,0.307692307,0.336538461,0.282004659,0.644230768,0.661764706,1.833333333,2.6024,1.323529412
DJ Johnson,12578,COL,12,51,3.75,12,4,0,5,5,0,6,2,0,15,0.266666666,0.352941176,0.355555555,0.297646795,0.708496731,0,2.5,3.75,1.5
Adam Morgan,12580,PHI,14.1,56,3.7675,7,1,1,6,6,0,4,1,3,17,0.142857142,0.25,0.204081632,0.205859041,0.454081632,0,4.25,3.7675,0.780141844
Mike Wright,12586,2 Tms,10.2,56,2.5312,15,3,0,4,3,1,8,1,1,10,0.319148936,0.428571428,0.44680851,0.376481566,0.875379938,0.882352941,1.25,2.5312,2.254901961
Roenis Elias,12673,2 Tms,11.2,67,9.2571,21,1,0,14,12,5,9,0,0,11,0.368421052,0.454545454,0.649122807,0.457137943,1.103668261,4.017857143,1.222222222,9.2571,2.678571429
Ryne Harper,12680,MIN,26,107,3.4615,27,7,1,11,10,3,5,0,0,30,0.264705882,0.29906542,0.44117647,0.310555719,0.74024189,1.038461538,6,3.4615,1.230769231
Adrian Houser,12718,MIL,11.2,48,0.7714,8,1,1,1,1,0,6,1,0,15,0.2,0.291666666,0.275,0.242867995,0.566666666,0,2.5,0.7714,1.25
Rafael Montero,12760,TEX,17,56,1.0588,6,1,1,2,2,1,2,0,0,16,0.111111111,0.142857142,0.222222222,0.154904045,0.365079364,0.529411765,8,1.0588,0.470588235
Chris Devenski,12763,HOU,33.1,151,4.86,35,8,0,18,18,7,14,0,2,40,0.259259259,0.337748344,0.474074074,0.343077924,0.811822418,1.903323263,2.857142857,4.86,1.480362538
Jairo Diaz,12774,COL,28.1,115,3.8118,22,6,0,15,12,2,13,0,0,25,0.215686274,0.304347826,0.333333333,0.281107719,0.637681159,0.640569395,1.923076923,3.8118,1.245551601
John Brebbia,12777,STL,23,104,7.0435,20,5,1,18,18,3,12,1,3,29,0.224719101,0.336538461,0.404494382,0.31793701,0.741032843,1.173913043,2.416666667,7.0435,1.391304348
Sam Gaviglio,12778,TOR,38,165,5.2105,41,13,0,23,22,5,12,0,1,29,0.277027027,0.329268292,0.466216216,0.332427026,0.795484508,1.184210526,2.416666667,5.2105,1.394736842
Noe Ramirez,12800,LAA,21.2,83,4.1538,16,4,1,10,10,2,4,1,2,14,0.207792207,0.26506024,0.363636363,0.26354299,0.628696603,0.849056604,3.5,4.1538,0.943396226
Matt Wisler,12804,2 Tms,15.1,66,7.6305,16,6,1,15,13,5,7,0,0,15,0.27118644,0.348484848,0.661016949,0.406623813,1.009501797,2.98013245,2.142857143,7.6305,1.523178808
Andrew Kittredge,12828,TBR,11,53,6.5455,14,3,1,8,8,2,5,0,1,10,0.311111111,0.37735849,0.555555555,0.380860883,0.932914045,1.636363636,2,6.5455,1.727272727
Shawn Armstrong,12857,2 Tms,23.1,101,4.6286,18,2,0,13,12,2,12,0,1,20,0.209302325,0.31,0.302325581,0.274896523,0.612325581,0.779220779,1.666666667,4.6286,1.298701299
Matt Barnes,12863,BOS,25.1,116,4.6184,16,2,0,14,13,3,22,2,2,50,0.173913043,0.344827586,0.29347826,0.290017005,0.638305846,1.075697211,2.272727273,4.6184,1.513944223
Alex Claudio,12890,MIL,33.1,137,3.24,26,7,0,13,12,4,9,0,6,23,0.218487394,0.301470588,0.37815126,0.292991536,0.679621848,1.087613293,2.555555556,3.24,1.057401813
Ken Giles,12910,TOR,25.2,99,2.8052,16,3,0,8,8,4,7,0,0,36,0.173913043,0.232323232,0.336956521,0.243097615,0.569279753,1.428571429,5.142857143,2.8052,0.912698413
Archie Bradley,12918,ARI,28.2,130,5.0232,29,9,2,17,16,2,16,1,0,44,0.256637168,0.348837209,0.424778761,0.329337615,0.77361597,0.638297872,2.75,5.0232,1.595744681
Gabriel Ynoa,12938,BAL,19,84,8.0526,23,6,0,20,17,5,4,0,0,15,0.2875,0.321428571,0.55,0.359453939,0.871428571,2.368421053,3.75,8.0526,1.421052632
Andrew Chafin,12988,ARI,31.1,135,2.8723,32,4,0,10,10,3,8,0,2,39,0.258064516,0.313432835,0.362903225,0.293927125,0.67633606,0.868167203,4.875,2.8723,1.286173633
Colten Brewer,12997,BOS,23,102,3.5217,21,2,1,9,9,2,11,1,2,27,0.244186046,0.336633663,0.360465116,0.300965092,0.697098779,0.782608696,2.454545455,3.5217,1.391304348
Wei-Yin Chen,13071,MIA,26,112,7.6154,31,6,0,26,22,7,5,0,3,22,0.300970873,0.348214285,0.563106796,0.376239187,0.911321081,2.423076923,4.4,7.6154,1.384615385
Derek Law,13133,TOR,28.2,132,3.7674,26,7,1,13,12,2,20,3,0,32,0.236363636,0.351145038,0.372727272,0.309167655,0.72387231,0.638297872,1.6,3.7674,1.631205674
Kyle Crick,13182,PIT,21.2,98,3.3231,17,3,1,9,8,3,12,1,5,24,0.209876543,0.346938775,0.382716049,0.318381528,0.729654824,1.273584906,2,3.3231,1.367924528
Adalberto Mejia,13188,3 Tms,11.2,55,6.9428,12,4,0,10,9,1,8,0,0,12,0.260869565,0.363636363,0.413043478,0.334832724,0.776679841,0.803571429,1.5,6.9428,1.785714286
Joe Biagini,13194,2 Tms,25,114,7.2,33,7,0,21,20,10,10,2,0,23,0.320388349,0.380530973,0.67961165,0.426559303,1.060142623,3.6,2.3,7.2,1.72
Ross Stripling,13273,LAD,10.1,44,1.7419,10,3,0,5,2,1,3,0,0,13,0.25,0.295454545,0.4,0.292683087,0.695454545,0.891089109,4.333333333,1.7419,1.287128713
Adrian Sampson,13339,TEX,16.2,76,3.78,21,7,0,7,7,2,7,0,0,10,0.304347826,0.368421052,0.492753623,0.363987767,0.861174675,1.111111111,1.428571429,3.78,1.728395062
Luis Cessa,13345,NYY,31.2,140,4.5474,35,5,1,17,16,4,12,0,1,31,0.277777777,0.342857142,0.428571428,0.329381518,0.77142857,1.153846154,2.583333333,4.5474,1.506410256
Cam Bedrosian,13360,LAA,28.1,118,1.2706,18,2,1,5,4,3,13,0,1,31,0.173076923,0.27118644,0.298076923,0.253468507,0.569263363,0.960854093,2.384615385,1.2706,1.103202847
Dylan Floro,13394,LAD,13.2,68,3.9512,20,4,0,7,6,2,8,4,1,15,0.33898305,0.426470588,0.508474576,0.381259761,0.934945164,1.363636364,1.875,3.9512,2.121212121
Felix Pena,13403,LAA,29.1,135,4.2955,33,9,0,14,14,6,13,0,1,35,0.275,0.348148148,0.5,0.355060516,0.848148148,1.855670103,2.692307692,4.2955,1.580756014
Drew VerHagen,13424,DET,13.1,62,7.425,13,4,1,11,11,1,10,1,1,7,0.26,0.387096774,0.44,0.350070912,0.827096774,0.687022901,0.7,7.425,1.755725191
Mike Morin,13442,2 Tms,21,89,2.1429,18,4,0,6,5,0,6,0,2,11,0.225,0.295454545,0.275,0.25706088,0.570454545,0,1.833333333,2.1429,1.142857143
Taylor Rogers,13449,MIN,16,72,1.125,18,1,0,2,2,1,4,0,2,25,0.272727272,0.333333333,0.333333333,0.29541009,0.666666666,0.5625,6.25,1.125,1.375
Lucas Sims,13470,CIN,10.1,48,6.9678,7,1,0,8,8,3,10,0,1,13,0.189189189,0.375,0.459459459,0.359713651,0.834459459,2.673267327,1.3,6.9678,1.683168317
Connor Sadzeck,13483,SEA,10.1,45,3.4839,5,0,0,5,4,2,8,0,0,15,0.135135135,0.288888888,0.297297297,0.266894445,0.586186185,1.782178218,1.875,3.4839,1.287128713
Brandon Brennan,13527,SEA,16.2,79,6.48,16,4,0,13,12,3,12,3,0,17,0.242424242,0.354430379,0.439393939,0.325320803,0.793824318,1.666666667,1.416666667,6.48,1.728395062
Matt Bowman,13528,CIN,13.1,61,6.075,15,5,0,9,9,0,7,2,0,11,0.283018867,0.360655737,0.37735849,0.308997732,0.738014227,0,1.571428571,6.075,1.679389313
Richard Rodriguez,13549,PIT,26,123,4.5,32,3,0,15,13,8,11,3,2,27,0.293577981,0.365853658,0.541284403,0.369906849,0.907138061,2.769230769,2.454545455,4.5,1.653846154
Robert Stephenson,13594,CIN,25.2,115,5.2597,21,7,1,16,15,4,17,3,0,31,0.214285714,0.330434782,0.428571428,0.31512855,0.75900621,1.428571429,1.823529412,5.2597,1.507936508
Taylor Guerrieri,13616,TEX,11.1,56,6.353,14,0,2,9,8,2,8,0,2,16,0.304347826,0.428571428,0.52173913,0.403463636,0.950310558,1.621621622,2,6.353,1.981981982
Clay Holmes,13649,PIT,19.2,101,5.4915,21,5,1,14,12,1,19,1,2,18,0.265822784,0.42,0.392405063,0.359496032,0.812405063,0.46875,0.947368421,5.4915,2.083333333
John Gant,13684,STL,21.2,94,4.1538,17,6,0,10,10,3,17,0,0,18,0.22077922,0.361702127,0.415584415,0.33840913,0.777286542,1.273584906,1.058823529,4.1538,1.603773585
Nick Goody,13685,CLE,14.2,64,4.2954,12,3,0,8,7,2,10,1,0,14,0.226415094,0.34375,0.396226415,0.314745495,0.739976415,1.267605634,1.4,4.2954,1.549295775
Robert Gsellman,13696,NYM,22.1,106,5.2388,26,9,0,16,13,2,12,2,2,24,0.282608695,0.37735849,0.445652173,0.348216691,0.823010663,0.814479638,2,5.2388,1.719457014
Jake Faria,13699,2 Tms,10.2,52,5.9062,13,4,0,7,7,1,8,0,0,11,0.302325581,0.403846153,0.465116279,0.370873213,0.868962432,0.882352941,1.375,5.9062,2.058823529
Kyle Barraclough,13713,2 Tms,13,59,5.5385,12,2,0,8,8,3,8,1,0,12,0.235294117,0.33898305,0.450980392,0.330538777,0.789963442,2.076923077,1.5,5.5385,1.538461538
Tyler Duffey,13758,MIN,27,110,3,20,3,0,10,9,4,5,1,2,28,0.196078431,0.245454545,0.343137254,0.246904966,0.588591799,1.333333333,5.6,3,0.925925926
Chris Stratton,13761,2 Tms,22.2,98,3.9706,22,7,0,10,10,3,11,1,0,25,0.252873563,0.336734693,0.436781609,0.326530824,0.773516302,1.216216216,2.272727273,3.9706,1.486486486
Dominic Leone,13763,STL,18,85,3,17,4,0,9,6,3,14,1,0,22,0.242857142,0.364705882,0.428571428,0.337561504,0.79327731,1.5,1.571428571,3,1.722222222
Roberto Osuna,13764,HOU,35,132,1.8,18,2,1,8,7,3,8,0,2,39,0.15,0.213740458,0.258333333,0.207458223,0.472073791,0.771428571,4.875,1.8,0.742857143
Daniel Stumpf,13780,DET,15,63,2.4,14,2,0,5,4,2,5,0,0,17,0.254545454,0.306451612,0.4,0.297741061,0.706451612,1.2,3.4,2.4,1.266666667
Matt Strahm,13799,SDP,15.2,54,1.7234,7,2,0,3,3,2,2,0,1,14,0.137254901,0.185185185,0.294117647,0.204093099,0.479302832,1.184210526,7,1.7234,0.592105263
Austin Adams,13801,2 Tms,12.2,49,3.5527,6,3,0,5,5,1,5,0,0,23,0.139534883,0.224489795,0.279069767,0.220004403,0.503559562,0.737704918,4.6,3.5527,0.901639344
Scott Oberg,13911,COL,23.1,103,3.0857,20,0,0,9,8,3,14,1,0,28,0.224719101,0.330097087,0.325842696,0.289958436,0.655939783,1.168831169,2,3.0857,1.471861472
Branden Kline,14101,BAL,16.1,72,6.6123,13,2,0,13,12,5,10,0,0,14,0.216666666,0.323943661,0.5,0.341571796,0.823943661,2.795031056,1.4,6.6123,1.428571429
Kevin Gausman,14107,CIN,10,40,4.5,8,2,0,5,5,1,3,1,0,14,0.216216216,0.275,0.351351351,0.25901256,0.626351351,0.9,4.666666667,4.5,1.1
Josh Hader,14212,MIL,18,66,2.5,9,2,1,5,5,5,2,0,1,34,0.142857142,0.181818181,0.444444444,0.251961159,0.626262625,2.5,17,2.5,0.611111111
Luke Bard,14288,LAA,15.2,70,8.0425,19,3,0,14,14,4,6,1,1,14,0.301587301,0.371428571,0.539682539,0.377016125,0.91111111,2.368421053,2.333333333,8.0425,1.644736842
Wandy Peralta,14295,2 Tms,20.1,87,5.3115,18,4,0,12,12,5,6,0,2,19,0.236842105,0.298850574,0.486842105,0.321505765,0.785692679,2.23880597,3.166666667,5.3115,1.194029851
Amir Garrett,14375,CIN,26,114,1.3846,19,3,0,5,4,2,17,0,3,42,0.202127659,0.342105263,0.29787234,0.294703692,0.639977603,0.692307692,2.470588235,1.3846,1.384615385
Wei-Chung Wang,14382,2 Tms,14,57,3.8571,11,0,0,6,6,1,6,0,0,9,0.22,0.298245614,0.28,0.259252207,0.578245614,0.642857143,1.5,3.8571,1.214285714
Adam Conley,14457,MIA,25,119,6.12,36,10,2,18,17,1,9,1,2,19,0.336448598,0.398305084,0.495327102,0.377144991,0.893632186,0.36,2.111111111,6.12,1.8
J.B. Wendelken,14506,OAK,14.1,57,4.3954,8,1,0,7,7,1,6,1,0,10,0.16,0.25,0.24,0.215005753,0.49,0.638297872,1.666666667,4.3954,0.992907801
Jose Leclerc,14524,TEX,28.2,129,6.2791,31,11,1,20,20,4,17,0,0,37,0.281818181,0.377952755,0.509090909,0.373618752,0.887043664,1.276595745,2.176470588,6.2791,1.70212766
Jorge Lopez,14527,KCR,18.2,90,5.7857,28,5,0,14,12,1,7,0,0,20,0.345679012,0.388888888,0.444444444,0.355403095,0.833333332,0.494505495,2.857142857,5.7857,1.923076923
Carlos Estevez,14542,COL,29.2,140,5.1573,35,11,0,17,17,5,14,1,0,24,0.286885245,0.352517985,0.5,0.352009807,0.852517985,1.54109589,1.714285714,5.1573,1.678082192
Jose Ruiz,14552,CHW,12.1,60,5.1081,14,4,0,7,7,0,8,2,0,14,0.274509803,0.372881355,0.352941176,0.310605202,0.725822531,0,1.75,5.1081,1.818181818
Rowan Wick,14646,CHC,14,62,3.8571,12,4,0,9,6,0,8,1,1,14,0.226415094,0.338709677,0.301886792,0.284832662,0.640596469,0,1.75,3.8571,1.428571429
Luis Perdomo,14682,SDP,24.2,106,5.1081,29,6,1,15,14,3,7,0,0,17,0.292929292,0.339622641,0.464646464,0.339643477,0.804269105,1.115702479,2.428571429,5.1081,1.487603306
Keone Kela,14696,PIT,11,48,1.6364,8,4,0,2,2,1,8,0,0,8,0.2,0.333333333,0.375,0.311195223,0.708333333,0.818181818,1,1.6364,1.454545455
Edwin Diaz,14710,NYM,24.2,102,3.2838,17,3,0,9,9,5,13,2,0,45,0.193181818,0.294117647,0.397727272,0.28767378,0.691844919,1.859504132,3.461538462,3.2838,1.239669421
Ty Buttrey,14719,LAA,33.1,139,3.24,28,5,1,12,12,3,13,0,2,43,0.227642276,0.309352517,0.357723577,0.29040103,0.667076094,0.81570997,3.307692308,3.24,1.238670695
Tyler Olson,14741,CLE,13.1,57,4.05,12,6,0,6,6,0,7,0,0,14,0.244897959,0.333333333,0.367346938,0.304380532,0.700680271,0,2,4.05,1.450381679
Wes Parsons,14764,2 Tms,13,60,6.9231,12,1,0,11,10,4,12,2,0,9,0.255319148,0.406779661,0.531914893,0.385350956,0.938694554,2.769230769,0.75,6.9231,1.846153846
Julio Urias,14765,LAD,17.2,71,2.0377,9,2,0,7,4,2,10,0,1,20,0.152542372,0.28169014,0.288135593,0.257501379,0.569825733,1.046511628,2,2.0377,1.104651163
Emilio Pagan,14771,TBR,23.1,96,3.8571,15,2,1,11,10,6,10,1,1,33,0.178571428,0.270833333,0.44047619,0.292095479,0.711309523,2.337662338,3.3,3.8571,1.082251082
Buck Farmer,14814,DET,25.1,113,2.8421,25,6,2,9,8,1,10,1,1,21,0.257731958,0.327272727,0.391752577,0.304065458,0.719025304,0.358565737,2.1,2.8421,1.394422311
Michael Lorenzen,14843,CIN,35.2,146,3.785,25,6,1,17,15,4,13,0,2,39,0.1953125,0.277777777,0.3515625,0.272041022,0.629340277,1.022727273,3,3.785,1.079545455
Zack Godley,14862,2 Tms,28,111,3.2143,22,5,0,10,10,5,9,0,0,23,0.215686274,0.279279279,0.411764705,0.292152606,0.691043984,1.607142857,2.555555556,3.2143,1.107142857
Reyes Moronta,14966,SFG,20,91,1.8,17,3,0,5,4,0,13,1,2,18,0.226666666,0.351648351,0.266666666,0.283849559,0.618315017,0,1.384615385,1.8,1.5
Tyler Webb,14974,STL,29,115,3.4138,16,3,1,11,11,2,11,0,2,26,0.156862745,0.252173913,0.264705882,0.232920211,0.516879795,0.620689655,2.363636364,3.4138,0.931034483
Giovanny Gallegos,14986,STL,33.1,123,2.7,17,6,0,10,10,4,8,2,1,43,0.149122807,0.211382113,0.307017543,0.214928623,0.518399656,1.087613293,5.375,2.7,0.755287009
Scott Barlow,14993,KCR,26,122,4.8462,30,7,1,14,14,3,15,3,2,34,0.288461538,0.388429752,0.461538461,0.356854043,0.849968213,1.038461538,2.266666667,4.8462,1.730769231
Victor Alcantara,15028,DET,16,65,4.5,14,5,0,10,8,1,5,0,1,5,0.24137931,0.307692307,0.379310344,0.294621595,0.687002651,0.5625,1,4.5,1.1875
Tim Mayza,15042,TOR,25.1,109,2.1316,20,7,0,7,6,4,13,0,1,23,0.210526315,0.311926605,0.410526315,0.310039483,0.72245292,1.434262948,1.769230769,2.1316,1.314741036
Lou Trivino,15043,OAK,31,133,6.0968,31,10,0,25,21,4,14,1,0,24,0.267241379,0.34351145,0.456896551,0.336014911,0.800408001,1.161290323,1.714285714,6.0968,1.451612903
Trevor Gott,15046,SFG,20,79,5.4,15,3,0,12,12,0,5,0,0,19,0.208333333,0.253164556,0.25,0.221984207,0.503164556,0,3.8,5.4,1
Yency Almonte,15068,COL,10,55,7.2,17,5,0,9,8,2,6,0,0,9,0.346938775,0.418181818,0.571428571,0.414549689,0.989610389,1.8,1.5,7.2,2.3
Hunter Wood,15091,2 Tms,16,75,1.6875,18,2,0,3,3,1,6,0,1,7,0.272727272,0.337837837,0.348484848,0.301053466,0.686322685,0.5625,1.166666667,1.6875,1.5
Jake Newberry,15136,KCR,11,53,4.9091,17,5,1,6,6,4,5,2,0,8,0.354166666,0.415094339,0.75,0.461345396,1.165094339,3.272727273,1.6,4.9091,2
Jimmy Yacabonis,15157,BAL,12,54,6.75,15,2,1,9,9,4,5,0,0,9,0.306122448,0.37037037,0.632653061,0.409792942,1.003023431,3,1.8,6.75,1.666666667
Kevin McCarthy,15240,KCR,22,107,6.1364,27,8,0,15,15,2,13,5,0,9,0.296703296,0.373831775,0.45054945,0.332530053,0.824381225,0.818181818,0.692307692,6.1364,1.818181818
Adam Cimber,15288,CLE,13,62,8.3077,16,5,0,12,12,3,5,1,3,10,0.296296296,0.387096774,0.555555555,0.389796938,0.942652329,2.076923077,2,8.3077,1.615384615
Austin Pruitt,15290,TBR,20.2,82,4.3548,16,3,0,10,10,2,8,1,0,19,0.219178082,0.292682926,0.342465753,0.270701312,0.635148679,0.891089109,2.375,4.3548,1.188118812
Nick Pivetta,15454,PHI,11.1,52,3.1765,12,2,1,8,4,3,8,2,0,11,0.272727272,0.384615384,0.568181818,0.382807255,0.952797202,2.432432432,1.375,3.1765,1.801801802
Chad Green,15552,NYY,24.1,99,3.6986,20,6,2,12,10,1,4,0,3,39,0.222222222,0.272727272,0.366666666,0.270525837,0.639393938,0.373443983,9.75,3.6986,0.995850622
Nick Wittgren,15594,CLE,21.2,90,4.5692,20,4,0,12,11,5,7,1,0,23,0.240963855,0.3,0.469879518,0.317660497,0.769879518,2.122641509,3.285714286,4.5692,1.273584906
Miguel Castro,15684,BAL,24,114,3.75,24,3,0,12,10,3,20,1,0,16,0.258064516,0.385964912,0.387096774,0.338381658,0.773061686,1.125,0.8,3.75,1.833333333
Jimmy Cordero,15690,2 Tms,14.1,59,3.1395,8,2,0,5,5,1,9,0,1,12,0.163265306,0.305084745,0.265306122,0.265301141,0.570390867,0.638297872,1.333333333,3.1395,1.205673759
Joe Jimenez,15761,DET,26,117,5.1923,27,4,1,16,15,5,13,1,1,38,0.262135922,0.35042735,0.466019417,0.343788157,0.816446767,1.730769231,2.923076923,5.1923,1.538461538
Zack Littell,15823,MIN,15.2,61,2.2979,14,4,0,5,4,1,5,1,0,13,0.254545454,0.316666666,0.381818181,0.294810785,0.698484847,0.592105263,2.6,2.2979,1.25
Paul Fry,15832,BAL,26.1,118,4.443,25,5,0,13,13,6,13,0,4,21,0.25,0.358974358,0.48,0.356801125,0.838974358,2.068965517,1.615384615,4.443,1.455938697
Wander Suero,15855,WSN,33,142,3,36,6,0,11,11,0,12,0,0,34,0.279069767,0.338028169,0.325581395,0.293462939,0.663609564,0,2.833333333,3,1.454545455
Stephen Tarpley,15859,NYY,11.1,43,2.3824,7,1,0,4,3,1,5,0,0,18,0.184210526,0.279069767,0.289473684,0.254783934,0.568543451,0.810810811,3.6,2.3824,1.081081081
Ryne Stanek,15947,2 Tms,14.1,68,6.9069,14,2,0,11,11,5,10,1,0,17,0.24137931,0.352941176,0.534482758,0.364640452,0.887423934,3.191489362,1.7,6.9069,1.70212766
Stefan Crichton,16058,ARI,12,46,4.5,6,1,0,6,6,2,4,1,1,15,0.146341463,0.239130434,0.31707317,0.233214614,0.556203604,1.5,3.75,4.5,0.833333333
Cy Sneed,16106,HOU,10.2,44,3.375,13,3,0,4,4,1,1,0,0,11,0.309523809,0.325581395,0.452380952,0.328053224,0.777962347,0.882352941,11,3.375,1.37254902
Justin Shafer,16132,TOR,17,84,3.7059,18,6,1,9,7,4,15,4,0,19,0.264705882,0.397590361,0.558823529,0.383134625,0.95641389,2.117647059,1.266666667,3.7059,1.941176471
Jace Fry,16159,CHW,24,106,3.375,16,6,0,9,9,0,19,1,2,30,0.192771084,0.352380952,0.26506024,0.287113373,0.617441192,0,1.578947368,3.375,1.458333333
Justin Anderson,16201,LAA,21.2,102,5.8154,20,9,0,14,14,4,16,0,0,29,0.238095238,0.356435643,0.488095238,0.354852328,0.844530881,1.698113208,1.8125,5.8154,1.698113208
Aaron Bummer,16258,CHW,25.1,94,1.4211,16,2,0,5,4,1,4,0,0,21,0.177777777,0.212765957,0.233333333,0.196158904,0.44609929,0.358565737,5.25,1.4211,0.796812749
Jesus Tinoco,16300,COL,13.2,73,5.9268,18,3,0,13,9,7,14,1,0,6,0.310344827,0.438356164,0.724137931,0.460519888,1.162494095,4.772727273,0.428571429,5.9268,2.424242424
Gerardo Reyes,16306,SDP,12.2,60,9.9473,13,2,1,14,14,3,5,0,3,15,0.25,0.35,0.5,0.357955388,0.85,2.213114754,3,9.9473,1.475409836
Brad Wieck,16390,2 Tms,12.2,52,8.5264,13,4,0,12,12,4,1,0,1,12,0.265306122,0.288461538,0.591836734,0.353506691,0.880298272,2.950819672,12,8.5264,1.147540984
Yonny Chirinos,16401,TBR,14.1,49,2.5116,6,0,1,6,4,2,3,0,0,10,0.133333333,0.183673469,0.311111111,0.205873325,0.49478458,1.276595745,3.333333333,2.5116,0.638297872
Ryan Yarbrough,16502,TBR,13.2,56,6.5853,12,3,0,10,10,2,4,0,1,14,0.244897959,0.303571428,0.428571428,0.305298386,0.732142856,1.363636364,3.5,6.5853,1.212121212
Jonathan Holder,16588,NYY,15,68,6.6,16,3,0,11,11,2,7,1,1,17,0.266666666,0.352941176,0.416666666,0.327697428,0.769607842,1.2,2.428571429,6.6,1.533333333
Jeff Brigham,16631,MIA,16,67,5.0625,13,1,1,9,9,3,8,1,0,16,0.220338983,0.313432835,0.423728813,0.308381933,0.737161648,1.6875,2,5.0625,1.3125
Brock Stewart,16727,2 Tms,13.1,67,9.45,22,4,0,15,14,7,3,0,1,9,0.360655737,0.388059701,0.770491803,0.459689386,1.158551504,4.809160305,3,9.45,1.908396947
Josh James,16794,HOU,29.1,130,5.2159,21,2,0,18,17,6,21,0,1,48,0.194444444,0.33076923,0.379629629,0.312237231,0.710398859,1.855670103,2.285714286,5.2159,1.443298969
Tim Hill,16814,KCR,17,65,2.1176,11,1,0,4,4,0,5,0,1,11,0.186440677,0.261538461,0.20338983,0.216668082,0.464928291,0,2.2,2.1176,0.941176471
Touki Toussaint,16929,ATL,11,58,9,17,7,0,11,11,4,8,2,0,11,0.34,0.431034482,0.72,0.45775365,1.151034482,3.272727273,1.375,9,2.272727273
Sean Newcomb,16943,ATL,17.1,76,3.6346,16,0,0,8,7,2,7,0,2,22,0.23880597,0.328947368,0.328358208,0.293737728,0.657305576,1.052631579,3.142857143,3.6346,1.34502924
Jake Jewell,16958,LAA,10.1,47,8.7097,14,3,1,10,10,3,4,0,0,10,0.325581395,0.382978723,0.65116279,0.422256281,1.034141513,2.673267327,2.5,8.7097,1.782178218
Ariel Jurado,17030,TEX,13.1,52,4.05,12,3,0,8,6,1,2,1,0,3,0.24,0.269230769,0.36,0.259542771,0.629230769,0.687022901,1.5,4.05,1.06870229
Raisel Iglesias,17130,CIN,27.2,117,5.2048,26,7,0,16,16,7,9,3,0,33,0.24074074,0.299145299,0.5,0.321670669,0.799145299,2.316176471,3.666666667,5.2048,1.286764706
Yoan Lopez,17181,ARI,23.2,94,3.8028,19,4,0,10,10,6,4,0,0,17,0.211111111,0.244680851,0.455555555,0.288207625,0.700236406,2.327586207,4.25,3.8028,0.99137931
Jalen Beeks,17192,TBR,22.1,104,2.8209,23,5,0,8,7,1,12,0,3,18,0.261363636,0.365384615,0.352272727,0.319686178,0.717657342,0.407239819,1.5,2.8209,1.583710407
Austin Brice,17237,MIA,17,82,3.7059,17,3,0,10,7,3,10,1,3,15,0.246376811,0.365853658,0.420289855,0.338328138,0.786143513,1.588235294,1.5,3.7059,1.588235294
Ranger Suarez,17277,PHI,17.1,68,2.5962,13,3,0,5,5,1,3,0,1,14,0.213114754,0.257575757,0.311475409,0.245546872,0.569051166,0.526315789,4.666666667,2.5962,0.935672515
Thomas Pannone,17281,TOR,17.2,68,1.5283,13,2,0,3,3,2,5,0,1,16,0.213114754,0.279411764,0.344262295,0.269258154,0.623674059,1.046511628,3.2,1.5283,1.046511628
Framber Valdez,17295,HOU,11,50,3.2727,6,1,0,4,4,0,11,0,0,9,0.157894736,0.34,0.184210526,0.263158802,0.524210526,0,0.818181818,3.2727,1.545454545
Josh Taylor,17359,BOS,19,71,2.3684,14,1,0,5,5,2,4,0,0,23,0.208955223,0.253521126,0.313432835,0.245388653,0.566953961,0.947368421,5.75,2.3684,0.947368421
Brett Martin,17369,TEX,24.1,106,4.0685,25,2,0,12,11,3,6,0,0,26,0.252525252,0.29245283,0.363636363,0.280998576,0.656089193,1.12033195,4.333333333,4.0685,1.286307054
Chad Sobotka,17470,ATL,11.1,50,4.7647,13,2,0,7,6,1,6,0,0,16,0.295454545,0.38,0.409090909,0.344214084,0.789090909,0.810810811,2.666666667,4.7647,1.711711712
Diego Castillo,17496,TBR,20.1,91,3.0984,21,2,0,9,7,2,10,3,0,28,0.259259259,0.34065934,0.358024691,0.294633928,0.698684031,0.895522388,2.8,3.0984,1.542288557
Tanner Scott,17586,BAL,13.1,58,4.725,9,2,0,7,7,2,9,0,1,17,0.1875,0.327586206,0.354166666,0.303315576,0.681752872,1.374045802,1.888888889,4.725,1.374045802
Tanner Rainey,17610,WSN,18,88,7,18,6,0,14,14,4,19,2,0,28,0.260869565,0.420454545,0.52173913,0.392441794,0.942193675,2,1.473684211,7,2.055555556
Jeffrey Springs,17677,TEX,10.1,54,6.0968,16,5,0,7,7,0,8,0,0,9,0.355555555,0.444444444,0.466666666,0.392062166,0.91111111,0,1.125,6.0968,2.376237624
Evan Phillips,17734,BAL,10.2,56,5.9062,12,5,0,7,7,0,11,0,1,13,0.285714285,0.436363636,0.404761904,0.372418679,0.84112554,0,1.181818182,5.9062,2.254901961
Jose Alvarado,17780,TBR,11.1,47,1.5882,7,1,0,2,2,0,7,0,0,13,0.194444444,0.318181818,0.222222222,0.256053849,0.54040404,0,1.857142857,1.5882,1.261261261
Trey Wingenter,17793,SDP,27,107,5,13,2,1,15,15,1,11,0,4,35,0.142857142,0.261682242,0.219780219,0.226153725,0.481462461,0.333333333,3.181818182,5,0.888888889
Nestor Cortes,17874,NYY,20,96,7.2,29,5,0,16,16,6,7,0,1,23,0.333333333,0.385416666,0.597701149,0.405466103,0.983117815,2.7,3.285714286,7.2,1.8
Peter Fairbanks,17998,2 Tms,12,46,3.75,8,4,0,8,5,0,2,0,0,17,0.181818181,0.217391304,0.272727272,0.211427715,0.490118576,0,8.5,3.75,0.833333333
Phil Maton,18064,2 Tms,14,65,7.0714,17,5,0,12,11,1,5,0,1,12,0.293103448,0.359375,0.431034482,0.339987898,0.790409482,0.642857143,2.4,7.0714,1.571428571
Chance Adams,18135,NYY,11.1,54,6.353,15,5,0,8,8,3,6,0,1,7,0.319148936,0.407407407,0.617021276,0.423151169,1.024428683,2.432432432,1.166666667,6.353,1.891891892
Ryan Helsley,18138,STL,17.2,74,4.0755,15,4,1,9,8,3,7,1,0,14,0.23076923,0.301369863,0.461538461,0.311712478,0.762908324,1.569767442,2,4.0755,1.279069767
Jarlin Garcia,18282,MIA,20.2,84,1.3064,19,3,1,3,3,0,5,0,0,13,0.246753246,0.289156626,0.311688311,0.261139633,0.600844937,0,2.6,1.3064,1.188118812
Tyler Kinley,18297,MIA,18.2,85,5.3036,17,5,0,11,11,2,14,1,0,17,0.242857142,0.364705882,0.4,0.328955886,0.764705882,0.989010989,1.214285714,5.3036,1.703296703
Andrew Suarez,18300,SFG,11.2,52,2.3143,12,4,0,3,3,0,4,0,0,11,0.255319148,0.307692307,0.340425531,0.280474865,0.648117838,0,2.75,2.3143,1.428571429
Josh Staumont,18335,KCR,10.1,41,3.4839,10,4,0,4,4,1,3,1,0,5,0.263157894,0.31707317,0.447368421,0.313370456,0.764441591,0.891089109,1.666666667,3.4839,1.287128713
Nick Anderson,18337,2 Tms,29.1,123,5.2159,28,9,1,17,17,4,11,4,0,48,0.25,0.31707317,0.455357142,0.312972276,0.772430312,1.237113402,4.363636364,5.2159,1.340206186
A.J. Minter,18655,ATL,12.2,57,5.6842,13,3,0,8,8,1,6,1,0,14,0.26,0.339285714,0.38,0.306681211,0.719285714,0.737704918,2.333333333,5.6842,1.557377049
Freddy Peralta,18679,MIL,18.2,83,0.9643,11,1,0,3,2,0,17,1,0,26,0.169230769,0.341463414,0.184615384,0.258733938,0.526078798,0,1.529411765,0.9643,1.538461538
Jose Quijada,19200,MIA,13,62,8.3077,13,1,1,12,12,7,8,0,4,18,0.26,0.403225806,0.74,0.454840018,1.143225806,4.846153846,2.25,8.3077,1.615384615
Jacob Webb,19274,ATL,11,45,0,7,1,0,1,0,0,5,0,1,13,0.179487179,0.288888888,0.205128205,0.235666584,0.494017093,0,2.6,0,1.090909091
Edgar Garcia,19276,PHI,12.1,59,8.7568,15,3,0,12,12,5,10,1,0,13,0.3125,0.423728813,0.6875,0.44219956,1.111228813,3.719008264,1.3,8.7568,2.066115702
Hector Velazquez,19341,BOS,16.2,71,5.94,14,4,1,13,11,3,9,0,0,15,0.225806451,0.323943661,0.467741935,0.333022178,0.791685596,1.666666667,1.666666667,5.94,1.419753086
Caleb Ferguson,19349,LAD,18,77,3.5,13,4,0,7,7,3,7,1,2,22,0.19402985,0.285714285,0.388059701,0.282672468,0.673773986,1.5,3.142857143,3.5,1.111111111
Corbin Burnes,19361,MIL,11.2,59,7.7143,15,5,0,11,10,1,11,0,0,15,0.3125,0.440677966,0.479166666,0.39733156,0.919844632,0.803571429,1.363636364,7.7143,2.321428571
Colin Poche,19403,TBR,19.2,77,5.0339,11,3,0,11,11,3,7,0,3,26,0.166666666,0.276315789,0.348484848,0.273767718,0.624800637,1.40625,3.714285714,5.0339,0.9375
Jon Duplantier,19546,ARI,10.1,48,3.4839,10,1,0,4,4,0,8,0,1,13,0.256410256,0.395833333,0.282051282,0.318431283,0.677884615,0,1.625,3.4839,1.782178218
Geoff Hartlieb,19558,PIT,15.1,78,13.5,28,4,2,23,23,7,5,0,0,16,0.394366197,0.423076923,0.802816901,0.487141306,1.225893824,4.17218543,3.2,13.5,2.185430464
Gregory Soto,19677,DET,10.1,51,3.4839,15,2,0,5,4,0,4,0,0,10,0.319148936,0.372549019,0.361702127,0.323517665,0.734251146,0,2.5,3.4839,1.881188119
Jonathan Loaisiga,19753,NYY,10,39,2.7,8,0,0,3,3,1,2,0,1,14,0.222222222,0.282051282,0.305555555,0.259656203,0.587606837,0.9,7,2.7,1
Yoshihisa Hirano,19756,ARI,22.1,100,4.8358,22,1,0,14,12,4,10,1,0,28,0.25,0.323232323,0.397727272,0.305824313,0.720959595,1.628959276,2.8,4.8358,1.447963801
David McKay,19814,2 Tms,12,53,6.75,11,5,0,10,9,0,7,1,1,14,0.244444444,0.358490566,0.355555555,0.310806684,0.714046121,0,2,6.75,1.5
Darwinzon Hernandez,19848,BOS,11.1,47,3.1765,3,1,0,6,4,0,9,0,1,26,0.081081081,0.276595744,0.108108108,0.210377557,0.384703852,0,2.888888889,3.1765,1.081081081
Kevin Ginkel,19876,ARI,11,42,1.6364,8,1,0,3,2,2,2,0,0,16,0.2,0.238095238,0.375,0.257722899,0.613095238,1.636363636,8,1.6364,0.909090909
Michel Baez,20100,SDP,13.2,59,6.5853,11,4,0,10,10,3,7,2,1,9,0.22,0.322033898,0.48,0.321655835,0.802033898,2.045454545,1.285714286,6.5853,1.363636364
Andres Munoz,20373,SDP,11,47,4.0909,9,3,0,5,5,1,5,0,0,13,0.219512195,0.304347826,0.365853658,0.291066034,0.670201484,0.818181818,2.6,4.0909,1.272727273
Elvis Luciano,20632,TOR,15,71,6,15,6,0,10,10,3,15,1,0,10,0.267857142,0.422535211,0.535714285,0.400005145,0.958249496,1.8,0.666666667,6,2
Emmanuel Clase,21032,TEX,10.1,44,3.4839,9,2,1,5,4,1,2,0,1,10,0.219512195,0.272727272,0.390243902,0.280675482,0.662971174,0.891089109,5,3.4839,1.089108911